Item,Price,Vendor,Received,Paid,Plan_Timing,Plan_Decision,Inventory_Group,Restore_Replace,Build_State,Reconciled_Status,Reconciled_Note,Procured_Mark,Estimate_Range_PKR,Estimate_Avg_PKR,Estimate_Priority,Estimate_Source,Source_Tab,Source_Row,Inventory_ID,Purchase_Priority,Priority_Order,Priority_Basis,New_vs_Refresh_Decision,Photo_Evidence_Level,Photo_Evidence_Basis,Decision_Confidence,Lead_Time_Risk,Sourcing_Region
Rubber grommet set,,Use local electrical markets first; avoid duplicate online orders.,Needs check,9200 COD (ref Wiring),in_flight_now,track_in_flight_order,replacement_part,replace_or_procure,ordered_in_flight,needs_confirmation,Already ordered/in-flight in procurement and mirrored by Wiring grommet entry; avoid duplicate buy. | RR action=Use local electrical markets first; avoid duplicate online orders.; evidence=Already ordered; do not rebuy.,ordered/in-flight,,,,,Parts,35,INV-0034,P1 - In flight / immediate,1,procurement_pass2,BUY_NEW,high,"photo_group=electrical_system; group_photo_count=52; spot_checked=20260410_013927,20260411_065030,20260324_004852,20260323_210944,20260408_211754,20260413_005435,20260405_234652,20260321_235600,20260317_235150",high,low,local_pk_or_on_hand
"Schneider Harmony 22mm 2-position maintained selector switch (1NO, black) x 4",31900,purchaser.com.pk | https://purchaser.com.pk/schneider-harmony-22mm-push-button-2-position-selector-switch-black-maintained-1-no-600-v/,No,Ordered (combined total),in_flight_now,track_in_flight_order,replacement_part,replace_or_procure,ordered_in_flight,needs_confirmation,"Combined order total PKR 31,900 for both selector lines (4x 2-position + 3x 3-position); awaiting delivery.",ordered/in-flight,,,,,Parts,38,INV-0037,P1 - In flight / immediate,1,decision_or_timing,BUY_NEW,high,"photo_group=electrical_system; group_photo_count=52; spot_checked=20260410_013927,20260411_065030,20260324_004852,20260323_210944,20260408_211754,20260413_005435,20260405_234652,20260321_235600,20260317_235150",high,low,local_pk_or_on_hand
"Schneider Harmony XB4 22mm 3-position maintained selector switch (2NO, long handle) x 3",,purchaser.com.pk | https://purchaser.com.pk/schneider-selector-switch-harmony-xb4-metal-black-22mm-long-handle-3positions-stay-put-2no/,No,Included in combined total,in_flight_now,track_in_flight_order,replacement_part,replace_or_procure,ordered_in_flight,needs_confirmation,"Price included in PKR 31,900 combined selector-switch order total logged on 2-position row.",ordered/in-flight,,,,,Parts,39,INV-0038,P1 - In flight / immediate,1,decision_or_timing,BUY_NEW,high,"photo_group=electrical_system; group_photo_count=52; spot_checked=20260410_013927,20260411_065030,20260324_004852,20260323_210944,20260408_211754,20260413_005435,20260405_234652,20260321_235600,20260317_235150",high,low,local_pk_or_on_hand
Body mount shims/spacers alignment pack,,Fabricate shim pack after mount-point map and weld closure dimensions are confirmed.,,,pre_tub_refit,prepare_before_trial_fit,replacement_part,replace_or_procure,planned_or_open,planned_or_open,"Active required purchase item from Procurement_Pass2. | Tub refit locked to original OEM mount locations; no custom offset mounting. | P2 active batch confirmed 2026-04-15 | Reconciled 2026-04-15: prioritize as low-risk, locally available buy-first item. | Price basis 2026-04-15: alignment shim pack assorted thicknesses for tub leveling.",,3000-12000,7000,Medium,Local fabricator/washer stock + Bilal Ganj,Parts,13,INV-0012,P2 - Buy before refit,2,P2-A immediate low-risk local procurement (2026-04-15),NEW_ONLY,medium,"photo_group=body_floor; group_photo_count=15; spot_checked=20260410_013927,20260411_065030,20260324_004852,20260323_210944,20260408_211754,20260413_005435,20260405_234652,20260321_235600,20260317_235150",high,low,local_pk_preferred
Body-to-chassis mount rubber kit,,Local rubber/4x4 supplier or custom rubber fabricator if exact kit unavailable.,,,pre_tub_refit,measure_then_buy_with_trial_fit,replacement_part,replace_or_procure,planned_or_open,planned_or_open,"Active required purchase item from Procurement_Pass2. | Tub refit locked to original OEM mount locations; no custom offset mounting. | P2 active batch confirmed 2026-04-15 | Reconciled 2026-04-15: prioritize as low-risk, locally available buy-first item. | Price basis 2026-04-15: body mount rubber set, local pattern if correct hardness and sleeve fit verified. | Age/condition rule: NEW_ONLY body mount rubbers/sleeves.",,15000-60000,30000,High,Bilal Ganj rubber market (FJ/LC pattern) + import fallback,Parts,12,INV-0011,P2 - Buy before refit,2,P2-A immediate low-risk local procurement (2026-04-15),NEW_ONLY,medium,"photo_group=documentation_reference; group_photo_count=5; spot_checked=20260410_013927,20260411_065030,20260324_004852,20260323_210944,20260408_211754,20260413_005435,20260405_234652,20260321_235600,20260317_235150",high,low,local_pk_preferred
Dashboard fascia / auxiliary switch panel (if OEM holes are insufficient),,Local sheet-metal/fabrication shop,No,,pre_dash_refit,fabricate_only_if_required_by_switch_fitup,replacement_part,replace_or_procure,planned_or_open,planned_or_open,Only buy/fabricate if right+mid cluster hole count/spacing/depth cannot safely host all required controls. | P2 active batch confirmed 2026-04-15 | Reconciled 2026-04-15: fabricate only if OEM holes cannot safely fit required controls.,,,,,,Parts,40,INV-0039,P2 - Buy before refit,6,P2-E conditional fabrication only if switch fit requires it (2026-04-15),BUY_NEW,high,"photo_group=electrical_system; group_photo_count=52; spot_checked=20260410_013927,20260411_065030,20260324_004852,20260323_210944,20260408_211754,20260413_005435,20260405_234652,20260321_235600,20260317_235150",high,low,local_pk_or_on_hand
Electrical power steering,,,,,pre_tub_refit,buy_complete_eps_column_kit_bilal_ganj_with_inclusion_checklist,replacement_part,replace_or_procure,planned_or_open,planned_or_open,"Legacy planned item retained; EPS path remains in scope. | P2 active batch confirmed 2026-04-15 | EPS kit must include at minimum: column-assist EPS unit (motor + torque sensor + reduction gear), EPS controller/ECU or integrated control module, matching connectors with pigtails >=150mm, upper+lower intermediate shaft sections with U-joints, steering coupler/spline adapters for FJ40-side fitment, column mount/clamp bracket set + firewall support bracket, heavy feed cable path for 60A fused supply + ignition trigger lead, fail-safe manual steering capability if assist disabled. Bench-test before payment; reject noisy/jerky units or excessive lash. | Age/condition rule: USED_TESTED_OK_MAX_15Y for EPS donor units; bench-test mandatory.",,54000-136000,90000,High,Bilal Ganj EPS kit quotes + project baseline comparison (2026-04-15),Parts,52,INV-0051,P2 - Buy before refit,5,P2-D EPS kit procurement with mandatory inclusion checklist (2026-04-15),USED_TESTED_OK_MAX_15Y,high,"photo_group=chassis_underside; group_photo_count=32; spot_checked=20260410_013927,20260411_065030,20260324_004852,20260323_210944,20260408_211754,20260413_005435,20260405_234652,20260321_235600,20260317_235150",high,low,bilal_ganj_first_then_online_fallback
"Fastener Kit A: Tub-to-chassis mounts (OEM positions) - M10/M12 class 8.8 bolts, matching nuts, flat+spring washers, sleeves",,,No,,pre_tub_refit,buy_local_grade_spec_kit,replacement_part,replace_or_procure,planned_or_open,planned_or_open,"Spec qty baseline: M10x1.25 class 8.8 bolts x16, M10 nuts (nyloc + all-metal mix) x24, M10 flat washers x40, M10 spring washers x20, M10 sleeves/spacers x16, M12 class 8.8 bolts x4, M12 nuts x6, M12 flat washers x12, M12 spring washers x6. Buy +20% spares. | P2 active batch confirmed 2026-04-15 | Reconciled 2026-04-15: prioritize as low-risk, locally available buy-first item. | Price basis 2026-04-15: Kit A detailed qty with +20% spares. | Age/condition rule: NEW_ONLY class-marked structural hardware.",,15000-35000,24000,High,Bilal Ganj + industrial fastener shops (M10/M12 class 8.8),Manual,,INV-0243,P2 - Buy before refit,2,P2-A immediate low-risk local procurement (2026-04-15),NEW_ONLY,medium,manual_specification_update_2026_04_15,high,low,local_pk_preferred
"Fastener Kit B: Body panel/bracket hardware - M6/M8 class 8.8 flange bolts, nyloc nuts, washers",,,No,,pre_tub_refit,buy_local_grade_spec_kit,replacement_part,replace_or_procure,planned_or_open,planned_or_open,"Spec qty baseline: M6x1.0 class 8.8 bolts (assorted lengths 12/16/20/25mm) x220, M6 nyloc nuts x160, M6 flange nuts x80, M6 flat washers x300, M6 spring washers x140, M8x1.25 class 8.8 bolts (16/20/25/30mm) x120, M8 nyloc nuts x90, M8 flange nuts x40, M8 flat washers x180, M8 spring washers x90. | P2 active batch confirmed 2026-04-15 | Reconciled 2026-04-15: prioritize as low-risk, locally available buy-first item. | Price basis 2026-04-15: Kit B detailed qty with mixed lengths and washers. | Age/condition rule: NEW_ONLY class-marked structural hardware.",,18000-40000,28000,High,Bilal Ganj + industrial fastener shops (M6/M8 class 8.8),Manual,,INV-0244,P2 - Buy before refit,2,P2-A immediate low-risk local procurement (2026-04-15),NEW_ONLY,medium,manual_specification_update_2026_04_15,high,low,local_pk_preferred
Fastener Kit C: Captive nuts/clip nuts assortment - M6/M8 with anti-corrosion finish,,,No,,pre_tub_refit,buy_local_grade_spec_kit,replacement_part,replace_or_procure,planned_or_open,planned_or_open,"Spec qty baseline: M6 captive/clip nuts x120, M8 captive/clip nuts x60, weld nuts M6 x30, weld nuts M8 x20, rivnuts M6 steel x30, rivnuts M8 steel x20. Prefer yellow-zinc or equivalent corrosion-resistant finish. | P2 active batch confirmed 2026-04-15 | Reconciled 2026-04-15: prioritize as low-risk, locally available buy-first item. | Price basis 2026-04-15: Kit C captive/clip/weld nut + rivnut assortment. | Age/condition rule: NEW_ONLY plated captive/clip/rivnut hardware.",,7000-18000,12000,Medium,Bilal Ganj clip/captive/rivnut suppliers,Manual,,INV-0245,P2 - Buy before refit,2,P2-A immediate low-risk local procurement (2026-04-15),NEW_ONLY,medium,manual_specification_update_2026_04_15,high,low,local_pk_preferred
Fastener Kit D: Grounding hardware - star/serrated washers M6/M8/M10 + cleaned contact points,,,No,,pre_tub_refit,buy_local_grade_spec_kit,replacement_part,replace_or_procure,planned_or_open,planned_or_open,"Spec qty baseline: M6 star washers x120, M8 star washers x80, M10 star washers x40, serrated flange nuts M6 x40 and M8 x20, conductive anti-corrosion paste 1 tube. Mandatory on chassis/body/electrical ground points after paint removal at contact pads. | P2 active batch confirmed 2026-04-15 | Reconciled 2026-04-15: prioritize as low-risk, locally available buy-first item. | Price basis 2026-04-15: Kit D star/serrated grounding hardware + conductive paste. | Age/condition rule: NEW_ONLY grounding hardware.",,5000-12000,8000,Medium,Bilal Ganj electrical hardware + fastener lanes,Manual,,INV-0246,P2 - Buy before refit,2,P2-A immediate low-risk local procurement (2026-04-15),NEW_ONLY,medium,manual_specification_update_2026_04_15,high,low,local_pk_preferred
Ignition lock security fix (new barrel + matched keys OR full locksmith re-key),,Local locksmith + lockset supplier,No,,pre_dash_refit,mandatory_security_fix_before_refit,replacement_part,replace_or_procure,planned_or_open,planned_or_open,"Current key security reported weak; complete matched-key security fix before final refit. | P2 active batch confirmed 2026-04-15 | Reconciled 2026-04-15: prioritize as low-risk, locally available buy-first item. | Price basis 2026-04-15: locksmith re-key/local lock solution preferred; exact FJ40 imported set costs higher.",,4000-25000,12000,High,Bilal Ganj locksmith + lock vendors; import lock set fallback,Parts,41,INV-0040,P2 - Buy before refit,3,P2-B security/control completion after parts audit (2026-04-15),SERVICE_OR_NEW,medium,"photo_group=documentation_reference; group_photo_count=5; spot_checked=20260410_013927,20260411_065030,20260324_004852,20260323_210944,20260408_211754,20260413_005435,20260405_234652,20260321_235600,20260317_235150",high,low,local_pk_or_on_hand
Internal compact covered blade fuse box (OEM-style) x3,,,,,pre_dash_refit,buy_3_compact_covered_oem_style_fuse_boxes_bilal_ganj_first,replacement_part,replace_or_procure,planned_or_open,planned_or_open,"Reconciled 2026-04-15: electrical power bay relay/fuse architecture already built; only remaining electrical procurement is 3 internal cabin fuse boxes. Preference locked: compact covered OEM-style (stable/smaller/secure), avoid large open-style universal blocks. Primary local option: Daraz 6-way covered ATO/ATC box (in-stock listing seen 2026-04-15) https://www.daraz.pk/products/6-ways-12-24v-automotive-circuit-blade-fuse-box-for-car-truck-vehicle-i486699111.html . Backup imports: Ubuy Electop 6-way covered https://www.ubuy.com.pk/en/product/36PF6CC-electop-6-way-fuse-block-blade-fuse-box-with-negative-bus-6-circuit-fuse-holder-fuse-block-w-negativ ; Blue Sea 5025/5026 class options (higher cost) via Ubuy/Starshop lookup. | Decision 2026-04-15: Bilal Ganj is primary sourcing path for these fuse boxes due to immediate fit-check and same-day availability; online only if exact covered format not found. | Age/condition rule: NEW_ONLY compact covered fuse boxes.",,11100-21000,15000,High,"Bilal Ganj local first (compact covered OEM-style), online fallback",Parts_Estimates,41,INV-0203,P2 - Buy before refit,3,P2-B electrical completion (Bilal Ganj first for compact OEM-style fuse boxes) (2026-04-15),NEW_ONLY,high,electrical_work_completed_except_internal_fuse_boxes,high,low,bilal_ganj_first_then_online_fallback
Local front leaf spring pack (LOCAL-FJ40-FRONT-LEAF) x2,,LEW (primary): https://spring.com.pk/contact-2/ | Popular Spring (backup): https://popularspringind.com/,,,pre_tub_refit,selected_primary_local_new_suspension_path,replacement_part,replace_or_procure,planned_or_open,selected_primary_path,"Suspension procurement moved under Parts; quantity/spec migrated from Suspension tab. | P2 active batch confirmed 2026-04-15 | Reconciled 2026-04-15: local spring path retained; order only after measured quote confirmation. | Quote-band set from local fabricated front+rear spring baseline (row 166) split 50/50; confirm with measured eye-eye, pack width and arch. | Age/condition rule: NEW_FABRICATED_ONLY springs; do not install unknown-used packs. | Decision 2026-04-17: selected as primary suspension path (new local fabricated leaf packs; quality-first, easy local replacement).",,35000-90000,62500,High,https://spring.com.pk/contact-2/ ; https://popularspringind.com/,Parts,15,INV-0014,P2 - Buy before refit,2,P2-C suspension local quote after measurements (2026-04-15),BUY_NEW,high,"photo_group=chassis_underside; group_photo_count=32; spot_checked=20260410_013927,20260411_065030,20260324_004852,20260323_210944,20260408_211754,20260413_005435,20260405_234652,20260321_235600,20260317_235150",high,low,local_pk_or_on_hand
Local rear leaf spring pack (LOCAL-FJ40-REAR-LEAF) x2,,LEW (primary): https://spring.com.pk/contact-2/ | Popular Spring (backup): https://popularspringind.com/,,,pre_tub_refit,selected_primary_local_new_suspension_path,replacement_part,replace_or_procure,planned_or_open,selected_primary_path,"Suspension procurement moved under Parts; quantity/spec migrated from Suspension tab. | P2 active batch confirmed 2026-04-15 | Reconciled 2026-04-15: local spring path retained; order only after measured quote confirmation. | Quote-band set from local fabricated front+rear spring baseline (row 166) split 50/50; confirm with measured eye-eye, pack width and arch. | Age/condition rule: NEW_FABRICATED_ONLY springs; do not install unknown-used packs. | Decision 2026-04-17: selected as primary suspension path (new local fabricated leaf packs; quality-first, easy local replacement).",,35000-90000,62500,High,https://spring.com.pk/contact-2/ ; https://popularspringind.com/,Parts,16,INV-0015,P2 - Buy before refit,2,P2-C suspension local quote after measurements (2026-04-15),BUY_NEW,high,"photo_group=chassis_underside; group_photo_count=32; spot_checked=20260410_013927,20260411_065030,20260324_004852,20260323_210944,20260408_211754,20260413_005435,20260405_234652,20260321_235600,20260317_235150",high,low,local_pk_or_on_hand
New genuine local shock absorbers path (Agriauto or equivalent OEM-grade local brand),,Agriauto distributors: https://www.agriauto.com.pk/distributors-network/ | TJM XGS local: https://4x4stop.pk/index.php/product-category/suspensions-by-vehicle-tjm-xgs/,,,pre_tub_refit,quote_local_genuine_shocks_then_order_new,replacement_part,replace_or_procure,planned_or_open,selected_primary_path,"Decision 2026-04-17: OME dropped; use new locally serviceable shocks only. Verify fitment length/mount type, warranty/invoice, and matching pair damping.",planned_or_open,25000-120000,70000,High,https://www.agriauto.com.pk/distributors-network/ ; https://4x4stop.pk/index.php/product-category/suspensions-by-vehicle-tjm-xgs/,Parts,254,INV-LOCAL-SHOCK-20260417,P2 - Buy before refit,2,decision_or_timing,BUY_NEW,high,local_serviceable_new_only,high,low,local_pk_or_on_hand
Suspension Rebuild Pack - Bushings (spring eye + shackle full matched set),,Pakwheels: https://www.pakwheels.com/accessories-spare-parts/search/-/q_leaf+spring+bush+toyota/ | Daraz: https://www.daraz.pk/catalog/?q=leaf+spring+bush,,,pre_tub_refit,buy_full_matched_set_local_new,replacement_part,replace_or_procure,planned_or_open,selected_primary_path,Consolidated local pack; replace all bushings together for consistent suspension behavior.,planned_or_open,10000-30000,20000,High,https://www.pakwheels.com/accessories-spare-parts/search/-/q_leaf+spring+bush+toyota/ ; https://www.daraz.pk/catalog/?q=leaf+spring+bush,Parts,255,INV-0253,P2 - Buy before refit,2,decision_or_timing,BUY_NEW,high,local_serviceable_path,high,low,local_pk_or_on_hand
Suspension Rebuild Pack - U-bolts + shackles/pins (new high-tensile set),,Pakwheels: https://www.pakwheels.com/accessories-spare-parts/search/-/q_u+bolt+leaf+spring+toyota/ | Pakwheels: https://www.pakwheels.com/accessories-spare-parts/search/-/q_shackle+bush+toyota/,,,pre_tub_refit,buy_high_tensile_u_bolts_and_new_shackle_hardware,replacement_part,replace_or_procure,planned_or_open,selected_primary_path,Consolidated local pack; use new high-tensile U-bolts and full new shackle/pin hardware.,planned_or_open,25000-70000,47500,High,https://www.pakwheels.com/accessories-spare-parts/search/-/q_u+bolt+leaf+spring+toyota/ ; https://www.pakwheels.com/accessories-spare-parts/search/-/q_shackle+bush+toyota/,Parts,256,INV-0254,P2 - Buy before refit,2,decision_or_timing,BUY_NEW,high,local_serviceable_path,high,low,local_pk_or_on_hand
12mm  split wiring pipe / loom pipe,10m,Montgomery Road (Lahore),,,pre_order_audit,stock_audit_then_local_topup,wiring_material,inspect_then_decide,planned_or_open,planned_or_open,Open item with no procurement evidence yet. | Migrated from Wiring row 62 into Parts inventory.,,,,,,Wiring,62,INV-0099,P3 - Audit then buy,3,decision_or_timing,INSPECT_THEN_DECIDE,high,"photo_group=electrical_system; group_photo_count=52; spot_checked=20260410_013927,20260411_065030,20260324_004852,20260323_210944,20260408_211754,20260413_005435,20260405_234652,20260321_235600,20260317_235150",medium,low,local_pk_or_on_hand
16mm split wiring pipe / loom pipe,6m,Montgomery Road (Lahore),,,pre_order_audit,stock_audit_then_local_topup,wiring_material,inspect_then_decide,planned_or_open,planned_or_open,Open item with no procurement evidence yet. | Migrated from Wiring row 63 into Parts inventory.,,,,,,Wiring,63,INV-0100,P3 - Audit then buy,3,decision_or_timing,INSPECT_THEN_DECIDE,high,"photo_group=electrical_system; group_photo_count=52; spot_checked=20260410_013927,20260411_065030,20260324_004852,20260323_210944,20260408_211754,20260413_005435,20260405_234652,20260321_235600,20260317_235150",medium,low,local_pk_or_on_hand
8mm  split wiring pipe / loom pipe,5m,Montgomery Road (Lahore),,,pre_order_audit,stock_audit_then_local_topup,wiring_material,inspect_then_decide,planned_or_open,planned_or_open,Open item with no procurement evidence yet. | Migrated from Wiring row 61 into Parts inventory.,,,,,,Wiring,61,INV-0098,P3 - Audit then buy,3,decision_or_timing,INSPECT_THEN_DECIDE,high,"photo_group=electrical_system; group_photo_count=52; spot_checked=20260410_013927,20260411_065030,20260324_004852,20260323_210944,20260408_211754,20260413_005435,20260405_234652,20260321_235600,20260317_235150",medium,low,local_pk_or_on_hand
Electric wires,,,,,pre_order_audit,stock_audit_then_local_topup,replacement_part,inspect_then_decide,planned_or_open,planned_or_open,RR action=Use Montgomery Road / local electrical markets for small top-ups after stock count.; evidence=Workbook shows substantial wiring stock already received/paid; top up only missing sizes/connectors.,,,,,,Restore_Replace,33,INV-0162,P3 - Audit then buy,3,procurement_pass2,INSPECT_THEN_DECIDE,high,"photo_group=electrical_system; group_photo_count=52; spot_checked=20260410_013927,20260411_065030,20260324_004852,20260323_210944,20260408_211754,20260413_005435,20260405_234652,20260321_235600,20260317_235150",medium,low,local_pk_or_on_hand
Fuel-stop ignition-control hardware top-up (relay/fuse/terminals only if stock short),,Use on-hand stock first; local top-up only if needed,No,,pre_dash_refit,stock_audit_then_buy_only_if_short,replacement_part,inspect_then_decide,planned_or_open,planned_or_open,Implements reliable key-off engine shutdown while retaining manual diesel cutoff cable as backup. | P2 active batch confirmed 2026-04-15 | Reconciled 2026-04-15: existing relay/fuse/terminal inventory is substantial; no immediate purchase unless counted short.,,,,,,Parts,43,INV-0042,P3 - Audit then buy,3,electrical top-up only after stock audit (2026-04-15),INSPECT_THEN_DECIDE,high,"photo_group=electrical_system; group_photo_count=52; spot_checked=20260410_013927,20260411_065030,20260324_004852,20260323_210944,20260408_211754,20260413_005435,20260405_234652,20260321_235600,20260317_235150",medium,low,local_pk_or_on_hand
H4 Ceramic Headlight Connector - H4 - High,550,autoxpertpakistan,,,pre_order_audit,stock_audit_then_local_topup,replacement_part,inspect_then_decide,planned_or_open,planned_or_open,Open item with no procurement evidence yet. | Migrated from Wiring row 52 into Parts inventory. | RR action=Use Montgomery Road / local electrical markets for small top-ups after stock count.; evidence=Workbook shows substantial wiring stock already received/paid; top up only missing sizes/connectors.,,,,,,Wiring,52,INV-0094,P3 - Audit then buy,3,procurement_pass2,INSPECT_THEN_DECIDE,high,"photo_group=electrical_system; group_photo_count=52; spot_checked=20260410_013927,20260411_065030,20260324_004852,20260323_210944,20260408_211754,20260413_005435,20260405_234652,20260321_235600,20260317_235150",medium,low,local_pk_or_on_hand
"Hazard: 1 × red latching pushbutton, panel-mount, automotive 12V",,electronicstore.pk,,,pre_order_audit,stock_audit_then_local_topup,wiring_material,inspect_then_decide,planned_or_open,planned_or_open,"6mm PLUSE Switch10 Amp 16mm Latching Push Button Switch 12V and 24v Angel Eye LED Waterproof Stainless Steel Round (16mm, Red) Price in Pakistan | Open item with no procurement evidence yet. | Migrated from Wiring row 129 into Parts inventory.",,,,,,Wiring,129,INV-0121,P3 - Audit then buy,3,decision_or_timing,INSPECT_THEN_DECIDE,high,"photo_group=electrical_system; group_photo_count=52; spot_checked=20260410_013927,20260411_065030,20260324_004852,20260323_210944,20260408_211754,20260413_005435,20260405_234652,20260321_235600,20260317_235150",medium,low,local_pk_or_on_hand
Horn relay,,,,,pre_order_audit,stock_audit_then_local_topup,replacement_part,inspect_then_decide,planned_or_open,planned_or_open,RR action=Use Montgomery Road / local electrical markets for small top-ups after stock count.; evidence=Workbook shows substantial wiring stock already received/paid; top up only missing sizes/connectors.,,,,,,Restore_Replace,35,INV-0163,P3 - Audit then buy,3,procurement_pass2,INSPECT_THEN_DECIDE,high,"photo_group=electrical_system; group_photo_count=52; spot_checked=20260410_013927,20260411_065030,20260324_004852,20260323_210944,20260408_211754,20260413_005435,20260405_234652,20260321_235600,20260317_235150",medium,low,local_pk_or_on_hand
Hot rod wiring quote,,,,,pre_order_audit,scope_audit_before_order,replacement_part,inspect_then_decide,planned_or_open,planned_or_open,RR action=Only order import/specialty after scope audit confirms gap.; evidence=Electrical work is already advanced; verify current loom coverage before ordering more.,,,,,,Restore_Replace,19,INV-0151,P3 - Audit then buy,3,procurement_pass2,INSPECT_THEN_DECIDE,high,"photo_group=electrical_system; group_photo_count=52; spot_checked=20260410_013927,20260411_065030,20260324_004852,20260323_210944,20260408_211754,20260413_005435,20260405_234652,20260321_235600,20260317_235150",medium,low,local_pk_or_on_hand
Insulated Thimbles Male lug 4mm Yellow in Pakistan × 1,800,,,,pre_order_audit,stock_audit_then_local_topup,wiring_material,inspect_then_decide,planned_or_open,planned_or_open,Open item with no procurement evidence yet. | Migrated from Wiring row 46 into Parts inventory.,,,,,,Wiring,46,INV-0088,P3 - Audit then buy,3,decision_or_timing,INSPECT_THEN_DECIDE,high,"photo_group=electrical_system; group_photo_count=52; spot_checked=20260410_013927,20260411_065030,20260324_004852,20260323_210944,20260408_211754,20260413_005435,20260405_234652,20260321_235600,20260317_235150",medium,low,local_pk_or_on_hand
M6 star / lock washer,,Montgomery Road (Lahore),,,pre_order_audit,stock_audit_then_local_topup,replacement_part,inspect_then_decide,planned_or_open,planned_or_open,Moved from Wiring tab; fastener item belongs in Parts purchase tracking.,,,,,,Parts,36,INV-0035,P3 - Audit then buy,3,decision_or_timing,INSPECT_THEN_DECIDE,medium,"photo_group=documentation_reference; group_photo_count=5; spot_checked=20260410_013927,20260411_065030,20260324_004852,20260323_210944,20260408_211754,20260413_005435,20260405_234652,20260321_235600,20260317_235150",medium,low,local_pk_or_on_hand
M8 star / lock washer,,Montgomery Road (Lahore),,,pre_order_audit,stock_audit_then_local_topup,replacement_part,inspect_then_decide,planned_or_open,planned_or_open,Moved from Wiring tab; fastener item belongs in Parts purchase tracking.,,,,,,Parts,37,INV-0036,P3 - Audit then buy,3,decision_or_timing,INSPECT_THEN_DECIDE,medium,"photo_group=documentation_reference; group_photo_count=5; spot_checked=20260410_013927,20260411_065030,20260324_004852,20260323_210944,20260408_211754,20260413_005435,20260405_234652,20260321_235600,20260317_235150",medium,low,local_pk_or_on_hand
PET expandable braided sleeving (100ft 1/4 inch),,,,,pre_order_audit,scope_audit_before_order,replacement_part,inspect_then_decide,planned_or_open,planned_or_open,RR action=Use local electrical markets first; avoid duplicate online orders.; evidence=Electrical work is already advanced; verify current loom coverage before ordering more.,,,,,,Restore_Replace,20,INV-0152,P3 - Audit then buy,3,procurement_pass2,INSPECT_THEN_DECIDE,medium,"photo_group=documentation_reference; group_photo_count=5; spot_checked=20260410_013927,20260411_065030,20260324_004852,20260323_210944,20260408_211754,20260413_005435,20260405_234652,20260321_235600,20260317_235150",medium,low,local_pk_or_on_hand
Star washers (bite into metal),,,,,pre_order_audit,stock_audit_then_local_topup,replacement_part,inspect_then_decide,planned_or_open,planned_or_open,RR action=Use Montgomery Road / local electrical markets for small top-ups after stock count.; evidence=Workbook shows substantial wiring stock already received/paid; top up only missing sizes/connectors.,,,,,,Restore_Replace,21,INV-0153,P3 - Audit then buy,3,procurement_pass2,INSPECT_THEN_DECIDE,medium,"photo_group=documentation_reference; group_photo_count=5; spot_checked=20260410_013927,20260411_065030,20260324_004852,20260323_210944,20260408_211754,20260413_005435,20260405_234652,20260321_235600,20260317_235150",medium,low,local_pk_or_on_hand
Starter interrupt security relay path (relay + base + concealed arm/disarm switch),,Local electrical market / automotive relay supplier,No,,pre_dash_refit,use_on_hand_relay_hardware_buy_only_hidden_switch_if_missing,replacement_part,replace_or_procure,planned_or_open,planned_or_open,"Low-cost anti-theft hardening to prevent easy crank/start even if lock is bypassed. | P2 active batch confirmed 2026-04-15 | Reconciled 2026-04-15: prioritize as low-risk, locally available buy-first item. | Reconciled 2026-04-15: relay block/fuses already installed; treat as implementation task using on-hand stock, buy concealed switch only if missing.",,,,,,Parts,42,INV-0041,P3 - Audit then buy,3,security implementation using existing relay stock first (2026-04-15),BUY_NEW,high,"photo_group=electrical_system; group_photo_count=52; spot_checked=20260410_013927,20260411_065030,20260324_004852,20260323_210944,20260408_211754,20260413_005435,20260405_234652,20260321_235600,20260317_235150",high,low,local_pk_or_on_hand
3mm Sound Damping Sheet / Deadening Pad,29500,megamotorsports,,,post_rust_repair,inspect_then_local_decide,consumable_material,inspect_then_decide,planned_or_open,planned_or_open,Open item with no procurement evidence yet. | Migrated from Substances row 6 into Parts inventory. | Reconciled 2026-04-15: hold until tub-off rust/weld scope is confirmed; buy in one controlled post-inspection batch.,,,,,,Substances,6,INV-0126,P4 - Post inspection,4,Body chemistry/insulation gated to tub-off rust/weld findings,INSPECT_THEN_DECIDE,medium,"photo_group=body_floor; group_photo_count=15; spot_checked=20260410_013927,20260411_065030,20260324_004852,20260323_210944,20260408_211754,20260413_005435,20260405_234652,20260321_235600,20260317_235150",medium,low,local_pk_or_on_hand
Accessory belt set,,Use local Toyota/common parts markets; buy as one batch after inspection.,,,post_tub_off_inspection,bundle_local_toyota_buy_after_inspection,replacement_part,inspect_then_decide,planned_or_open,planned_or_open,Active required purchase item from Procurement_Pass2. | RR action=Use local Toyota/common parts markets; buy as one batch after inspection.; evidence=Common Toyota service items should be bought as a local bundle after tub-off inspection confirms exact spec.,,,,,,Parts,17,INV-0016,P4 - Post inspection,4,procurement_pass2,INSPECT_THEN_DECIDE,medium,"photo_group=engine_bay; group_photo_count=10; spot_checked=20260410_013927,20260411_065030,20260324_004852,20260323_210944,20260408_211754,20260413_005435,20260405_234652,20260321_235600,20260317_235150",medium,low,local_pk_or_on_hand
Air filter element,,Use local Toyota/common parts markets; buy as one batch after inspection.,,,post_tub_off_inspection,bundle_local_toyota_buy_after_inspection,replacement_part,inspect_then_decide,planned_or_open,planned_or_open,Active required purchase item from Procurement_Pass2. | RR action=Use local Toyota/common parts markets; buy as one batch after inspection.; evidence=Common Toyota service items should be bought as a local bundle after tub-off inspection confirms exact spec.,,,,,,Parts,18,INV-0017,P4 - Post inspection,4,procurement_pass2,INSPECT_THEN_DECIDE,medium,"photo_group=engine_bay; group_photo_count=10; spot_checked=20260410_013927,20260411_065030,20260324_004852,20260323_210944,20260408_211754,20260413_005435,20260405_234652,20260321_235600,20260317_235150",medium,low,local_pk_or_on_hand
Brake flexible hose set front and rear,,Use local Toyota/common parts markets; buy as one batch after inspection.,,,post_tub_off_inspection,bundle_local_toyota_buy_after_inspection,replacement_part,inspect_then_decide,planned_or_open,planned_or_open,Active required purchase item from Procurement_Pass2. | RR action=Use local Toyota/common parts markets; buy as one batch after inspection.; evidence=Common Toyota service items should be bought as a local bundle after tub-off inspection confirms exact spec.,,,,,,Parts,19,INV-0018,P4 - Post inspection,4,procurement_pass2,INSPECT_THEN_DECIDE,medium,"photo_group=engine_bay; group_photo_count=10; spot_checked=20260410_013927,20260411_065030,20260324_004852,20260323_210944,20260408_211754,20260413_005435,20260405_234652,20260321_235600,20260317_235150",medium,low,local_pk_or_on_hand
Clutch master and slave cylinder refresh kit,,Use local Toyota/common parts markets; buy as one batch after inspection.,,,post_tub_off_inspection,inspect_then_local_decide,replacement_part,inspect_then_decide,planned_or_open,planned_or_open,"Condition-based item: inspect first, then buy only if required. | RR action=Use local Toyota/common parts markets; buy as one batch after inspection.; evidence=Condition-dependent item; inspect first then buy local only if required.",,,,,,Parts,20,INV-0019,P4 - Post inspection,4,procurement_pass2,INSPECT_THEN_DECIDE,medium,"photo_group=engine_bay; group_photo_count=10; spot_checked=20260410_013927,20260411_065030,20260324_004852,20260323_210944,20260408_211754,20260413_005435,20260405_234652,20260321_235600,20260317_235150",medium,low,local_pk_or_on_hand
Distributor cap rotor and ignition tune-up consumables,,Use local Toyota/common parts markets; buy as one batch after inspection.,,,post_tub_off_inspection,bundle_local_toyota_buy_after_inspection,replacement_part,inspect_then_decide,planned_or_open,planned_or_open,Active required purchase item from Procurement_Pass2. | RR action=Use local Toyota/common parts markets; buy as one batch after inspection.; evidence=Common Toyota service items should be bought as a local bundle after tub-off inspection confirms exact spec.,,,,,,Parts,21,INV-0020,P4 - Post inspection,4,procurement_pass2,INSPECT_THEN_DECIDE,medium,"photo_group=documentation_reference; group_photo_count=5; spot_checked=20260410_013927,20260411_065030,20260324_004852,20260323_210944,20260408_211754,20260413_005435,20260405_234652,20260321_235600,20260317_235150",medium,low,local_pk_or_on_hand
Engine mount set,,Use local Toyota/common parts markets; buy as one batch after inspection.,,,post_tub_off_inspection,inspect_then_local_decide,replacement_part,inspect_then_decide,planned_or_open,planned_or_open,"Condition-based item: inspect first, then buy only if required. | RR action=Use local Toyota/common parts markets; buy as one batch after inspection.; evidence=Condition-dependent item; inspect first then buy local only if required.",,,,,,Parts,22,INV-0021,P4 - Post inspection,4,procurement_pass2,INSPECT_THEN_DECIDE,medium,"photo_group=engine_bay; group_photo_count=10; spot_checked=20260410_013927,20260411_065030,20260324_004852,20260323_210944,20260408_211754,20260413_005435,20260405_234652,20260321_235600,20260317_235150",medium,low,local_pk_or_on_hand
Engine oil + oil filter service pack,,Use local Toyota/common parts markets; buy as one batch after inspection.,,,post_tub_off_inspection,bundle_local_toyota_buy_after_inspection,replacement_part,inspect_then_decide,planned_or_open,planned_or_open,Active required purchase item from Procurement_Pass2. | RR action=Use local Toyota/common parts markets; buy as one batch after inspection.; evidence=Common Toyota service items should be bought as a local bundle after tub-off inspection confirms exact spec.,,,,,,Parts,23,INV-0022,P4 - Post inspection,4,procurement_pass2,INSPECT_THEN_DECIDE,medium,"photo_group=engine_bay; group_photo_count=10; spot_checked=20260410_013927,20260411_065030,20260324_004852,20260323_210944,20260408_211754,20260413_005435,20260405_234652,20260321_235600,20260317_235150",medium,low,local_pk_or_on_hand
Fuel filter,,Use local Toyota/common parts markets; buy as one batch after inspection.,,,post_tub_off_inspection,bundle_local_toyota_buy_after_inspection,replacement_part,inspect_then_decide,planned_or_open,planned_or_open,Active required purchase item from Procurement_Pass2. | RR action=Use local Toyota/common parts markets; buy as one batch after inspection.; evidence=Common Toyota service items should be bought as a local bundle after tub-off inspection confirms exact spec.,,5000-20000,18000,High,Diesel parts supplier,Parts,24,INV-0023,P4 - Post inspection,4,procurement_pass2,INSPECT_THEN_DECIDE,medium,"photo_group=engine_bay; group_photo_count=10; spot_checked=20260410_013927,20260411_065030,20260324_004852,20260323_210944,20260408_211754,20260413_005435,20260405_234652,20260321_235600,20260317_235150",medium,low,local_pk_or_on_hand
Fuel-rated rubber hose and clamp kit,,Use local Toyota/common parts markets; buy as one batch after inspection.,,,post_tub_off_inspection,bundle_local_toyota_buy_after_inspection,replacement_part,inspect_then_decide,planned_or_open,planned_or_open,Active required purchase item from Procurement_Pass2. | RR action=Use local Toyota/common parts markets; buy as one batch after inspection.; evidence=Common Toyota service items should be bought as a local bundle after tub-off inspection confirms exact spec.,,,,,,Parts,25,INV-0024,P4 - Post inspection,4,procurement_pass2,INSPECT_THEN_DECIDE,medium,"photo_group=engine_bay; group_photo_count=10; spot_checked=20260410_013927,20260411_065030,20260324_004852,20260323_210944,20260408_211754,20260413_005435,20260405_234652,20260321_235600,20260317_235150",medium,low,local_pk_or_on_hand
"Gearbox top-cover service items (detents, bushes, shift-seat kit)",,Local transmission parts source; buy only against diagnosed wear.,,,post_tub_off_inspection,inspect_then_local_decide,replacement_part,inspect_then_decide,planned_or_open,planned_or_open,"Condition-based item: inspect first, then buy only if required.",,,,,,Parts,14,INV-0013,P4 - Post inspection,4,procurement_pass2,INSPECT_THEN_DECIDE,medium,"photo_group=documentation_reference; group_photo_count=5; spot_checked=20260410_013927,20260411_065030,20260324_004852,20260323_210944,20260408_211754,20260413_005435,20260405_234652,20260321_235600,20260317_235150",medium,low,local_pk_or_on_hand
HB BODY - U900 CAVITY WAX SPRAY U900 - 400ML,2250,autohub,,,post_rust_repair,inspect_then_local_decide,consumable_material,inspect_then_decide,planned_or_open,planned_or_open,Open item with no procurement evidence yet. | Migrated from Substances row 8 into Parts inventory. | Reconciled 2026-04-15: hold until tub-off rust/weld scope is confirmed; buy in one controlled post-inspection batch.,,,,,,Substances,8,INV-0127,P4 - Post inspection,4,Body chemistry/insulation gated to tub-off rust/weld findings,INSPECT_THEN_DECIDE,medium,"photo_group=body_floor; group_photo_count=15; spot_checked=20260410_013927,20260411_065030,20260324_004852,20260323_210944,20260408_211754,20260413_005435,20260405_234652,20260321_235600,20260317_235150",medium,low,local_pk_or_on_hand
HB BODY 999 SEAM SEALER 300ML CARTR,7696,autohub,,,post_rust_repair,inspect_then_local_decide,replacement_part,inspect_then_decide,planned_or_open,planned_or_open,"Open item with no procurement evidence yet. | Migrated from Substances row 5 into Parts inventory. | RR action=Prefer local sourcing first, then online if unavailable.; evidence=Body chemistry stack should be bought as one bundle after rust map and weld scope are finalized. | Reconciled 2026-04-15: hold until tub-off rust/weld scope is confirmed; buy in one controlled post-inspection batch.",,,,,,Substances,5,INV-0125,P4 - Post inspection,4,Body chemistry/insulation gated to tub-off rust/weld findings,INSPECT_THEN_DECIDE,medium,"photo_group=body_floor; group_photo_count=15; spot_checked=20260410_013927,20260411_065030,20260324_004852,20260323_210944,20260408_211754,20260413_005435,20260405_234652,20260321_235600,20260317_235150",medium,low,local_pk_or_on_hand
Heat plugs (glow plugs) set - diesel engine (NEW only),,Use local Toyota/common parts markets; buy as one batch after inspection.,,,post_tub_off_inspection,buy_new_glow_plugs_after_engine_code_confirmed,replacement_part,inspect_then_decide,planned_or_open,planned_or_open,Active required purchase item from Procurement_Pass2. | RR action=Use local Toyota/common parts markets; buy as one batch after inspection.; evidence=Common Toyota service items should be bought as a local bundle after tub-off inspection confirms exact spec. | User rule 2026-04-15: heat/glow plugs are NEW ONLY; no used/refurbished plugs accepted.,,12000-36000,22000,High,Bilal Ganj diesel parts + local Toyota diesel supplier,Parts,29,INV-0028,P4 - Post inspection,4,procurement_pass2,NEW_ONLY,medium,"photo_group=documentation_reference; group_photo_count=5; spot_checked=20260410_013927,20260411_065030,20260324_004852,20260323_210944,20260408_211754,20260413_005435,20260405_234652,20260321_235600,20260317_235150",medium,low,local_pk_or_on_hand
Heater hose set with clamps,,Use local Toyota/common parts markets; buy as one batch after inspection.,,,post_tub_off_inspection,bundle_local_toyota_buy_after_inspection,replacement_part,inspect_then_decide,planned_or_open,planned_or_open,Active required purchase item from Procurement_Pass2. | RR action=Use local Toyota/common parts markets; buy as one batch after inspection.; evidence=Common Toyota service items should be bought as a local bundle after tub-off inspection confirms exact spec.,,,,,,Parts,26,INV-0025,P4 - Post inspection,4,procurement_pass2,INSPECT_THEN_DECIDE,medium,"photo_group=engine_bay; group_photo_count=10; spot_checked=20260410_013927,20260411_065030,20260324_004852,20260323_210944,20260408_211754,20260413_005435,20260405_234652,20260321_235600,20260317_235150",medium,low,local_pk_or_on_hand
Metal protection and restoration products,,"Prefer local sourcing first, then online if unavailable.",,,post_tub_off_inspection,inspect_then_local_decide,replacement_part,replace_or_procure,planned_or_open,planned_or_open,"Active required purchase item from Procurement_Pass2. | RR action=Prefer local sourcing first, then online if unavailable.; evidence=Needed for immediate rust-exposed metal stabilization when tub comes off. | Reconciled 2026-04-15: hold purchase until tub-off rust/weld scope is visible; buy after inspection.",,,,,,Parts,32,INV-0031,P4 - Post inspection,4,Condition-based after tub-off inspection (user confirmed 2026-04-15),BUY_NEW,medium,"photo_group=documentation_reference; group_photo_count=5; spot_checked=20260410_013927,20260411_065030,20260324_004852,20260323_210944,20260408_211754,20260413_005435,20260405_234652,20260321_235600,20260317_235150",high,low,local_pk_or_on_hand
New Battery,16000,,,,post_tub_off_inspection,inspect_then_local_decide,service_or_replacement_item,inspect_then_decide,planned_or_open,planned_or_open,HaveToCheck | Open item with no procurement evidence yet. | Migrated from Service row 3 into Parts inventory.,,,,,,Service,3,INV-0138,P4 - Post inspection,4,decision_or_timing,INSPECT_THEN_DECIDE,medium,"photo_group=documentation_reference; group_photo_count=5; spot_checked=20260410_013927,20260411_065030,20260324_004852,20260323_210944,20260408_211754,20260413_005435,20260405_234652,20260321_235600,20260317_235150",medium,low,local_pk_or_on_hand
Primer,,"Prefer local sourcing first, then online if unavailable.",,,post_tub_off_inspection,inspect_then_local_decide,replacement_part,replace_or_procure,planned_or_open,planned_or_open,"Active required purchase item from Procurement_Pass2. | RR action=Prefer local sourcing first, then online if unavailable.; evidence=Needed for immediate rust-exposed metal stabilization when tub comes off. | RR action=Prefer local sourcing first, then online if unavailable.; evidence=Body chemistry stack should be bought as one bundle after rust map and weld scope are finalized. | RR action=Prefer local sourcing first, then online if unavailable.; evidence=Body chemistry stack should be bought as one bundle after rust map and weld scope are finalized. | Reconciled 2026-04-15: hold purchase until tub-off rust/weld scope is visible; buy after inspection.",,1000-8000,7000,Low,Diesel parts supplier,Parts,34,INV-0033,P4 - Post inspection,4,Condition-based after tub-off inspection (user confirmed 2026-04-15),BUY_NEW,medium,"photo_group=documentation_reference; group_photo_count=5; spot_checked=20260410_013927,20260411_065030,20260324_004852,20260323_210944,20260408_211754,20260413_005435,20260405_234652,20260321_235600,20260317_235150",high,low,local_pk_or_on_hand
Radiator cap,,Use local Toyota/common parts markets; buy as one batch after inspection.,,,post_tub_off_inspection,bundle_local_toyota_buy_after_inspection,replacement_part,inspect_then_decide,planned_or_open,planned_or_open,Active required purchase item from Procurement_Pass2. | RR action=Use local Toyota/common parts markets; buy as one batch after inspection.; evidence=Common Toyota service items should be bought as a local bundle after tub-off inspection confirms exact spec.,,,,,,Parts,27,INV-0026,P4 - Post inspection,4,procurement_pass2,INSPECT_THEN_DECIDE,medium,"photo_group=engine_bay; group_photo_count=10; spot_checked=20260410_013927,20260411_065030,20260324_004852,20260323_210944,20260408_211754,20260413_005435,20260405_234652,20260321_235600,20260317_235150",medium,low,local_pk_or_on_hand
Radiator hose set upper plus lower with clamps,,Use local Toyota/common parts markets; buy as one batch after inspection.,,,post_tub_off_inspection,bundle_local_toyota_buy_after_inspection,replacement_part,inspect_then_decide,planned_or_open,planned_or_open,Active required purchase item from Procurement_Pass2. | RR action=Use local Toyota/common parts markets; buy as one batch after inspection.; evidence=Common Toyota service items should be bought as a local bundle after tub-off inspection confirms exact spec.,,,,,,Parts,28,INV-0027,P4 - Post inspection,4,procurement_pass2,INSPECT_THEN_DECIDE,medium,"photo_group=engine_bay; group_photo_count=10; spot_checked=20260410_013927,20260411_065030,20260324_004852,20260323_210944,20260408_211754,20260413_005435,20260405_234652,20260321_235600,20260317_235150",medium,low,local_pk_or_on_hand
Remove old LEDS,5000,,,,post_tub_off_inspection,inspect_then_local_decide,service_or_replacement_item,inspect_then_decide,planned_or_open,planned_or_open,Open item with no procurement evidence yet. | Migrated from Service row 2 into Parts inventory.,,,,,,Service,2,INV-0137,P4 - Post inspection,4,decision_or_timing,INSPECT_THEN_DECIDE,medium,"photo_group=documentation_reference; group_photo_count=5; spot_checked=20260410_013927,20260411_065030,20260324_004852,20260323_210944,20260408_211754,20260413_005435,20260405_234652,20260321_235600,20260317_235150",medium,low,local_pk_or_on_hand
Steering bushings,,,,,post_tub_off_inspection,inspect_then_local_decide,replacement_part,inspect_then_decide,planned_or_open,planned_or_open,Legacy planned steering service item retained for visibility.,,3000-12000,10000,High,Local suspension / bush supplier,Parts,53,INV-0052,P4 - Post inspection,4,decision_or_timing,NEW_ONLY,high,"photo_group=chassis_underside; group_photo_count=32; spot_checked=20260410_013927,20260411_065030,20260324_004852,20260323_210944,20260408_211754,20260413_005435,20260405_234652,20260321_235600,20260317_235150",medium,low,local_pk_or_on_hand
Suspension Geometry Safety Pack (caster shims + brake hose length check + steering damper),,Pakwheels: https://www.pakwheels.com/accessories-spare-parts/search/-/q_caster+shim+leaf+spring/ | Pakwheels: https://www.pakwheels.com/accessories-spare-parts/search/-/q_brake+hose+toyota+land+cruiser/ | Pakwheels: https://www.pakwheels.com/accessories-spare-parts/search/-/q_steering+damper+toyota+land+cruiser/,,,post_tub_off_inspection,buy_only_if_geometry_or_droop_checks_require,replacement_part,inspect_then_decide,planned_or_open,conditional_pack,"Conditional consolidated pack after suspension install checks (caster, hose droop, steering kickback).",planned_or_open,21000-80000,50500,Medium,https://www.pakwheels.com/accessories-spare-parts/search/-/q_caster+shim+leaf+spring/ ; https://www.pakwheels.com/accessories-spare-parts/search/-/q_brake+hose+toyota+land+cruiser/ ; https://www.pakwheels.com/accessories-spare-parts/search/-/q_steering+damper+toyota+land+cruiser/,Parts,257,INV-0255,P4 - Post inspection,4,inspection_gate,INSPECT_THEN_DECIDE,high,local_serviceable_path,high,low,local_pk_or_on_hand
Thermostat plus gasket,,Use local Toyota/common parts markets; buy as one batch after inspection.,,,post_tub_off_inspection,bundle_local_toyota_buy_after_inspection,replacement_part,inspect_then_decide,planned_or_open,planned_or_open,Active required purchase item from Procurement_Pass2. | RR action=Use local Toyota/common parts markets; buy as one batch after inspection.; evidence=Common Toyota service items should be bought as a local bundle after tub-off inspection confirms exact spec.,,2000-8000,8000,High,Engine parts supplier,Parts,30,INV-0029,P4 - Post inspection,4,procurement_pass2,INSPECT_THEN_DECIDE,medium,"photo_group=engine_bay; group_photo_count=10; spot_checked=20260410_013927,20260411_065030,20260324_004852,20260323_210944,20260408_211754,20260413_005435,20260405_234652,20260321_235600,20260317_235150",medium,low,local_pk_or_on_hand
Vacuum hose refresh kit,,Use local Toyota/common parts markets; buy as one batch after inspection.,,,post_tub_off_inspection,bundle_local_toyota_buy_after_inspection,replacement_part,inspect_then_decide,planned_or_open,planned_or_open,Active required purchase item from Procurement_Pass2. | RR action=Use local Toyota/common parts markets; buy as one batch after inspection.; evidence=Common Toyota service items should be bought as a local bundle after tub-off inspection confirms exact spec.,,,,,,Parts,31,INV-0030,P4 - Post inspection,4,procurement_pass2,INSPECT_THEN_DECIDE,medium,"photo_group=engine_bay; group_photo_count=10; spot_checked=20260410_013927,20260411_065030,20260324_004852,20260323_210944,20260408_211754,20260413_005435,20260405_234652,20260321_235600,20260317_235150",medium,low,local_pk_or_on_hand
10 mm²,,,Y,Y,,,wiring_material,replace_or_procure,procured_or_on_hand,procured_or_on_hand,Red | Evidence indicates purchased/received. | Migrated from Wiring row 78 into Parts inventory.,,,,,,Wiring,78,INV-0108,Done / On hand,0,status,BUY_NEW,high,"photo_group=electrical_system; group_photo_count=52; spot_checked=20260410_013927,20260411_065030,20260324_004852,20260323_210944,20260408_211754,20260413_005435,20260405_234652,20260321_235600,20260317_235150",high,low,local_pk_or_on_hand
10 mm²,,,Y,Y,,,wiring_material,replace_or_procure,procured_or_on_hand,procured_or_on_hand,Black | Evidence indicates purchased/received. | Migrated from Wiring row 79 into Parts inventory.,,,,,,Wiring,79,INV-0109,Done / On hand,0,status,BUY_NEW,high,"photo_group=electrical_system; group_photo_count=52; spot_checked=20260410_013927,20260411_065030,20260324_004852,20260323_210944,20260408_211754,20260413_005435,20260405_234652,20260321_235600,20260317_235150",high,low,local_pk_or_on_hand
10.8 x 4,113,industryparts.pk,Y,Y,,,wiring_material,replace_or_procure,procured_or_on_hand,procured_or_on_hand,Evidence indicates purchased/received. | Migrated from Wiring row 87 into Parts inventory.,,,,,,Wiring,87,INV-0113,Done / On hand,0,status,BUY_NEW,high,"photo_group=electrical_system; group_photo_count=52; spot_checked=20260410_013927,20260411_065030,20260324_004852,20260323_210944,20260408_211754,20260413_005435,20260405_234652,20260321_235600,20260317_235150",high,low,local_pk_or_on_hand
100A Circuit Breaker Resettable Fuse Car Marine Boat Automotive Protector,2000,Mughal,Y,N,,,wiring_material,replace_or_procure,procured_or_on_hand,procured_or_on_hand,Jazzcash | Evidence indicates purchased/received. | Migrated from Wiring row 23 into Parts inventory.,,,,,,Wiring,23,INV-0077,Done / On hand,0,status,BUY_NEW,high,"photo_group=electrical_system; group_photo_count=52; spot_checked=20260410_013927,20260411_065030,20260324_004852,20260323_210944,20260408_211754,20260413_005435,20260405_234652,20260321_235600,20260317_235150",high,low,local_pk_or_on_hand
10mm Nylon Braided sleeve Price in Pakistan × 5,875,,Y,Y,,,wiring_material,replace_or_procure,procured_or_on_hand,procured_or_on_hand,Evidence indicates purchased/received. | Migrated from Wiring row 14 into Parts inventory.,,,,,,Wiring,14,INV-0076,Done / On hand,0,status,BUY_NEW,high,"photo_group=electrical_system; group_photo_count=52; spot_checked=20260410_013927,20260411_065030,20260324_004852,20260323_210944,20260408_211754,20260413_005435,20260405_234652,20260321_235600,20260317_235150",high,low,local_pk_or_on_hand
10mm Nylon Braided sleeve Price in Pakistan × 5,875,electronicsstore.pk,Y,Y,,,wiring_material,replace_or_procure,procured_or_on_hand,procured_or_on_hand,Evidence indicates purchased/received. | Migrated from Wiring row 7 into Parts inventory.,,,,,,Wiring,7,INV-0070,Done / On hand,0,status,BUY_NEW,high,"photo_group=electrical_system; group_photo_count=52; spot_checked=20260410_013927,20260411_065030,20260324_004852,20260323_210944,20260408_211754,20260413_005435,20260405_234652,20260321_235600,20260317_235150",high,low,local_pk_or_on_hand
10mm Nylon Braided Sleeve x 5,875,electronicsstore.pk,Y,Y,,,wiring_material,replace_or_procure,procured_or_on_hand,procured_or_on_hand,Evidence indicates purchased/received. | Migrated from Wiring row 5 into Parts inventory.,,,,,,Wiring,5,INV-0068,Done / On hand,0,status,BUY_NEW,high,"photo_group=electrical_system; group_photo_count=52; spot_checked=20260410_013927,20260411_065030,20260324_004852,20260323_210944,20260408_211754,20260413_005435,20260405_234652,20260321_235600,20260317_235150",high,low,local_pk_or_on_hand
14mm Nylon Braided Sleeve price in Pakistan × 5,1500,electronicsstore.pk,Y,Y,,,wiring_material,replace_or_procure,procured_or_on_hand,procured_or_on_hand,Evidence indicates purchased/received. | Migrated from Wiring row 12 into Parts inventory.,,,,,,Wiring,12,INV-0074,Done / On hand,0,status,BUY_NEW,high,"photo_group=electrical_system; group_photo_count=52; spot_checked=20260410_013927,20260411_065030,20260324_004852,20260323_210944,20260408_211754,20260413_005435,20260405_234652,20260321_235600,20260317_235150",high,low,local_pk_or_on_hand
14mm Nylon Braided Sleeve price in Pakistan × 5,1500,electronicsstore.pk,Y,Y,,,wiring_material,replace_or_procure,procured_or_on_hand,procured_or_on_hand,Evidence indicates purchased/received. | Migrated from Wiring row 8 into Parts inventory.,,,,,,Wiring,8,INV-0071,Done / On hand,0,status,BUY_NEW,high,"photo_group=electrical_system; group_photo_count=52; spot_checked=20260410_013927,20260411_065030,20260324_004852,20260323_210944,20260408_211754,20260413_005435,20260405_234652,20260321_235600,20260317_235150",high,low,local_pk_or_on_hand
16 mm²,,,Y,Y,,,wiring_material,replace_or_procure,procured_or_on_hand,procured_or_on_hand,Red | Evidence indicates purchased/received. | Migrated from Wiring row 80 into Parts inventory.,,,,,,Wiring,80,INV-0110,Done / On hand,0,status,BUY_NEW,high,"photo_group=electrical_system; group_photo_count=52; spot_checked=20260410_013927,20260411_065030,20260324_004852,20260323_210944,20260408_211754,20260413_005435,20260405_234652,20260321_235600,20260317_235150",high,low,local_pk_or_on_hand
16.1 x 4,160,industryparts.pk,Y,Y,,,wiring_material,replace_or_procure,procured_or_on_hand,procured_or_on_hand,Evidence indicates purchased/received. | Migrated from Wiring row 88 into Parts inventory.,,,,,,Wiring,88,INV-0114,Done / On hand,0,status,BUY_NEW,high,"photo_group=electrical_system; group_photo_count=52; spot_checked=20260410_013927,20260411_065030,20260324_004852,20260323_210944,20260408_211754,20260413_005435,20260405_234652,20260321_235600,20260317_235150",high,low,local_pk_or_on_hand
16mm Nylon Braided Sleeve x 5,1450,electronicsstore.pk,Y,Y,,,wiring_material,replace_or_procure,procured_or_on_hand,procured_or_on_hand,Evidence indicates purchased/received. | Migrated from Wiring row 6 into Parts inventory.,,,,,,Wiring,6,INV-0069,Done / On hand,0,status,BUY_NEW,high,"photo_group=electrical_system; group_photo_count=52; spot_checked=20260410_013927,20260411_065030,20260324_004852,20260323_210944,20260408_211754,20260413_005435,20260405_234652,20260321_235600,20260317_235150",high,low,local_pk_or_on_hand
"1m, 4 AWG, Red",11529,AliExpress,Y,Y,,,wiring_material,replace_or_procure,procured_or_on_hand,procured_or_on_hand,Evidence indicates purchased/received. | Migrated from Wiring row 67 into Parts inventory.,,,,,,Wiring,67,INV-0101,Done / On hand,0,status,BUY_NEW,high,"photo_group=electrical_system; group_photo_count=52; spot_checked=20260410_013927,20260411_065030,20260324_004852,20260323_210944,20260408_211754,20260413_005435,20260405_234652,20260321_235600,20260317_235150",high,high,import_cn_or_global
1x 100A  LITTEL FUSE ANL Car Fuse MEGA Bolt-on,1026,AliExpress,Y,Y,,,wiring_material,replace_or_procure,procured_or_on_hand,procured_or_on_hand,Main Fuse | Evidence indicates purchased/received. | Migrated from Wiring row 32 into Parts inventory.,,,,,,Wiring,32,INV-0080,Done / On hand,0,status,BUY_NEW,high,"photo_group=electrical_system; group_photo_count=52; spot_checked=20260410_013927,20260411_065030,20260324_004852,20260323_210944,20260408_211754,20260413_005435,20260405_234652,20260321_235600,20260317_235150",high,high,import_cn_or_global
20mmn Nylon Braided Sleeve Price in Paklistan × 5,1750,,Y,Y,,,wiring_material,replace_or_procure,procured_or_on_hand,procured_or_on_hand,Evidence indicates purchased/received. | Migrated from Wiring row 13 into Parts inventory.,,,,,,Wiring,13,INV-0075,Done / On hand,0,status,BUY_NEW,high,"photo_group=electrical_system; group_photo_count=52; spot_checked=20260410_013927,20260411_065030,20260324_004852,20260323_210944,20260408_211754,20260413_005435,20260405_234652,20260321_235600,20260317_235150",high,low,local_pk_or_on_hand
20mmn Nylon Braided Sleeve Price in Paklistan × 5,1750,electronicsstore.pk,Y,Y,,,wiring_material,replace_or_procure,procured_or_on_hand,procured_or_on_hand,Evidence indicates purchased/received. | Migrated from Wiring row 9 into Parts inventory.,,,,,,Wiring,9,INV-0072,Done / On hand,0,status,BUY_NEW,high,"photo_group=electrical_system; group_photo_count=52; spot_checked=20260410_013927,20260411_065030,20260324_004852,20260323_210944,20260408_211754,20260413_005435,20260405_234652,20260321_235600,20260317_235150",high,low,local_pk_or_on_hand
25 mm²,,,Y,Y,,,wiring_material,replace_or_procure,procured_or_on_hand,procured_or_on_hand,Red | Evidence indicates purchased/received. | Migrated from Wiring row 81 into Parts inventory.,,,,,,Wiring,81,INV-0111,Done / On hand,0,status,BUY_NEW,high,"photo_group=electrical_system; group_photo_count=52; spot_checked=20260410_013927,20260411_065030,20260324_004852,20260323_210944,20260408_211754,20260413_005435,20260405_234652,20260321_235600,20260317_235150",high,low,local_pk_or_on_hand
25.1 x 4,160,industryparts.pk,Y,Y,,,wiring_material,replace_or_procure,procured_or_on_hand,procured_or_on_hand,Evidence indicates purchased/received. | Migrated from Wiring row 89 into Parts inventory.,,,,,,Wiring,89,INV-0115,Done / On hand,0,status,BUY_NEW,high,"photo_group=electrical_system; group_photo_count=52; spot_checked=20260410_013927,20260411_065030,20260324_004852,20260323_210944,20260408_211754,20260413_005435,20260405_234652,20260321_235600,20260317_235150",high,low,local_pk_or_on_hand
35.1 x 4,225,industryparts.pk,Y,Y,,,wiring_material,replace_or_procure,procured_or_on_hand,procured_or_on_hand,Evidence indicates purchased/received. | Migrated from Wiring row 90 into Parts inventory.,,,,,,Wiring,90,INV-0116,Done / On hand,0,status,BUY_NEW,high,"photo_group=electrical_system; group_photo_count=52; spot_checked=20260410_013927,20260411_065030,20260324_004852,20260323_210944,20260408_211754,20260413_005435,20260405_234652,20260321_235600,20260317_235150",high,low,local_pk_or_on_hand
35mm²,,,Y,Y,,,wiring_material,replace_or_procure,procured_or_on_hand,procured_or_on_hand,Black 1.5m | Evidence indicates purchased/received. | Migrated from Wiring row 82 into Parts inventory.,,,,,,Wiring,82,INV-0112,Done / On hand,0,status,BUY_NEW,high,"photo_group=electrical_system; group_photo_count=52; spot_checked=20260410_013927,20260411_065030,20260324_004852,20260323_210944,20260408_211754,20260413_005435,20260405_234652,20260321_235600,20260317_235150",high,low,local_pk_or_on_hand
4 mm²,,,Y,Y,,,wiring_material,replace_or_procure,procured_or_on_hand,procured_or_on_hand,Green | Evidence indicates purchased/received. | Migrated from Wiring row 75 into Parts inventory.,,,,,,Wiring,75,INV-0105,Done / On hand,0,status,BUY_NEW,high,"photo_group=electrical_system; group_photo_count=52; spot_checked=20260410_013927,20260411_065030,20260324_004852,20260323_210944,20260408_211754,20260413_005435,20260405_234652,20260321_235600,20260317_235150",high,low,local_pk_or_on_hand
5 Pin 40A Car Relay 12V x 6,8196,AliExpress,Y,Y,,,wiring_material,replace_or_procure,procured_or_on_hand,procured_or_on_hand,Relays | Evidence indicates purchased/received. | Migrated from Wiring row 41 into Parts inventory.,,,,,,Wiring,41,INV-0086,Done / On hand,0,status,BUY_NEW,high,"photo_group=electrical_system; group_photo_count=52; spot_checked=20260410_013927,20260411_065030,20260324_004852,20260323_210944,20260408_211754,20260413_005435,20260405_234652,20260321_235600,20260317_235150",high,high,import_cn_or_global
555 Black Red Terminal M8 Blocks Power Supply Terminals Welding Machine Inverter Post Connector x 10,3275,Digilog,Y,Y,,,wiring_material,replace_or_procure,procured_or_on_hand,procured_or_on_hand,Evidence indicates purchased/received. | Migrated from Wiring row 97 into Parts inventory.,,,,,,Wiring,97,INV-0119,Done / On hand,0,status,BUY_NEW,high,"photo_group=electrical_system; group_photo_count=52; spot_checked=20260410_013927,20260411_065030,20260324_004852,20260323_210944,20260408_211754,20260413_005435,20260405_234652,20260321_235600,20260317_235150",high,low,local_pk_or_on_hand
6 mm²,,,Y,Y,,,wiring_material,replace_or_procure,procured_or_on_hand,procured_or_on_hand,Red | Evidence indicates purchased/received. | Migrated from Wiring row 76 into Parts inventory.,,,,,,Wiring,76,INV-0106,Done / On hand,0,status,BUY_NEW,high,"photo_group=electrical_system; group_photo_count=52; spot_checked=20260410_013927,20260411_065030,20260324_004852,20260323_210944,20260408_211754,20260413_005435,20260405_234652,20260321_235600,20260317_235150",high,low,local_pk_or_on_hand
6 Way Distribution Block Car Midi Fuse Box Block Holder 200A Bolt,18101,AliExpress,Y,Y,,,wiring_material,replace_or_procure,procured_or_on_hand,procured_or_on_hand,Evidence indicates purchased/received. | Migrated from Wiring row 27 into Parts inventory.,,,,,,Wiring,27,INV-0078,Done / On hand,0,status,BUY_NEW,high,"photo_group=electrical_system; group_photo_count=52; spot_checked=20260410_013927,20260411_065030,20260324_004852,20260323_210944,20260408_211754,20260413_005435,20260405_234652,20260321_235600,20260317_235150",high,high,import_cn_or_global
6pcs Ratchet Crimping Tool Set,11964,Temu,Y,Y,,,wiring_material,replace_or_procure,procured_or_on_hand,procured_or_on_hand,Evidence indicates purchased/received. | Migrated from Wiring row 54 into Parts inventory.,,,,,,Wiring,54,INV-0096,Done / On hand,0,status,BUY_NEW,high,"photo_group=electrical_system; group_photo_count=52; spot_checked=20260410_013927,20260411_065030,20260324_004852,20260323_210944,20260408_211754,20260413_005435,20260405_234652,20260321_235600,20260317_235150",high,high,import_cn_or_global
70.12 x 10,1313,industryparts.pk,Y,Y,,,wiring_material,replace_or_procure,procured_or_on_hand,procured_or_on_hand,Evidence indicates purchased/received. | Migrated from Wiring row 91 into Parts inventory.,,,,,,Wiring,91,INV-0117,Done / On hand,0,status,BUY_NEW,high,"photo_group=electrical_system; group_photo_count=52; spot_checked=20260410_013927,20260411_065030,20260324_004852,20260323_210944,20260408_211754,20260413_005435,20260405_234652,20260321_235600,20260317_235150",high,low,local_pk_or_on_hand
8 mm²,,,Y,Y,,,wiring_material,replace_or_procure,procured_or_on_hand,procured_or_on_hand,Red | Evidence indicates purchased/received. | Migrated from Wiring row 77 into Parts inventory.,,,,,,Wiring,77,INV-0107,Done / On hand,0,status,BUY_NEW,high,"photo_group=electrical_system; group_photo_count=52; spot_checked=20260410_013927,20260411_065030,20260324_004852,20260323_210944,20260408_211754,20260413_005435,20260405_234652,20260321_235600,20260317_235150",high,low,local_pk_or_on_hand
8mm Nylon Braided Sleeve x 5,800,electronicsstore.pk,Y,Y,,,wiring_material,replace_or_procure,procured_or_on_hand,procured_or_on_hand,Evidence indicates purchased/received. | Migrated from Wiring row 4 into Parts inventory.,,,,,,Wiring,4,INV-0067,Done / On hand,0,status,BUY_NEW,high,"photo_group=electrical_system; group_photo_count=52; spot_checked=20260410_013927,20260411_065030,20260324_004852,20260323_210944,20260408_211754,20260413_005435,20260405_234652,20260321_235600,20260317_235150",high,low,local_pk_or_on_hand
Bare Copper Braid Tape,12500,industryparts.pk,Y,Y,,,wiring_material,replace_or_procure,procured_or_on_hand,procured_or_on_hand,Evidence indicates purchased/received. | Migrated from Wiring row 92 into Parts inventory.,,,,,,Wiring,92,INV-0118,Done / On hand,0,status,BUY_NEW,high,"photo_group=electrical_system; group_photo_count=52; spot_checked=20260410_013927,20260411_065030,20260324_004852,20260323_210944,20260408_211754,20260413_005435,20260405_234652,20260321_235600,20260317_235150",high,low,local_pk_or_on_hand
body_floor,existing,,Y,,body_structure,repair_in_place,existing_component,restore_and_reuse,in_progress_weld_repair,reuse_existing,RR action=close_floor_rust_map_and_repair_scope; evidence=akber_khan-00798 | Tub/chassis weld repair planned before final paint; keep as repair/reuse path.,✓,,,,,Restore_Replace,11,INV-0148,In progress - bodywork,1,manual_bodywork_update_2026_04_15,REFRESH_EXISTING,medium,"photo_group=body_floor; group_photo_count=15; spot_checked=20260410_013927,20260411_065030,20260324_004852,20260323_210944,20260408_211754,20260413_005435,20260405_234652,20260321_235600,20260317_235150",high,low,local_pk_or_on_hand
body_sections,existing,,Y,,body_and_weather_seal,refurbish_send_out,existing_component,restore_and_reuse,in_progress_refresh,reuse_existing,RR action=confirm_vendor_scope_and_return_condition; evidence=akber_khan-00796 | Lower body section repair/refinish in progress; no new panel buy unless weld inspection finds non-repairable areas.,✓,,,,,Restore_Replace,6,INV-0143,In progress - bodywork,1,manual_bodywork_update_2026_04_15,REFRESH_EXISTING,medium,"photo_group=body_exterior; group_photo_count=6; spot_checked=20260410_013927,20260411_065030,20260324_004852,20260323_210944,20260408_211754,20260413_005435,20260405_234652,20260321_235600,20260317_235150",high,low,local_pk_or_on_hand
"Classification of Deutsch DT Series Connectors, Size 16 Stamped Contacts, Automotive Electrical Connectors, 188pcs x 2",17644,Temu,Y,Y,,,wiring_material,replace_or_procure,procured_or_on_hand,procured_or_on_hand,Evidence indicates purchased/received. | Migrated from Wiring row 53 into Parts inventory.,,,,,,Wiring,53,INV-0095,Done / On hand,0,status,BUY_NEW,high,"photo_group=electrical_system; group_photo_count=52; spot_checked=20260410_013927,20260411_065030,20260324_004852,20260323_210944,20260408_211754,20260413_005435,20260405_234652,20260321_235600,20260317_235150",high,high,import_cn_or_global
Contact Cleaner 400ML × 1,1800,ToolsMart.pk,Y,Y,,,consumable_material,replace_or_procure,procured_or_on_hand,procured_or_on_hand,Evidence indicates purchased/received. | Migrated from Substances row 22 into Parts inventory.,,,,,,Substances,22,INV-0136,Done / On hand,0,status,BUY_NEW,medium,"photo_group=body_floor; group_photo_count=15; spot_checked=20260410_013927,20260411_065030,20260324_004852,20260323_210944,20260408_211754,20260413_005435,20260405_234652,20260321_235600,20260317_235150",high,low,local_pk_or_on_hand
Copper Cable Lug 16mm cable 8mm Bolt Hole Pakistan × 10,280,fiaz.com.pk,Y,Y,,,wiring_material,replace_or_procure,procured_or_on_hand,procured_or_on_hand,Evidence indicates purchased/received. | Migrated from Wiring row 45 into Parts inventory.,,,,,,Wiring,45,INV-0087,Done / On hand,0,status,BUY_NEW,high,"photo_group=electrical_system; group_photo_count=52; spot_checked=20260410_013927,20260411_065030,20260324_004852,20260323_210944,20260408_211754,20260413_005435,20260405_234652,20260321_235600,20260317_235150",high,low,local_pk_or_on_hand
Dielectric Grease,5609,AliExpress,,Y,,,consumable_material,replace_or_procure,procured_or_on_hand,procured_or_on_hand,Evidence indicates purchased/received. | Migrated from Substances row 2 into Parts inventory.,,,,,,Substances,2,INV-0122,Done / On hand,0,status,BUY_NEW,medium,"photo_group=body_floor; group_photo_count=15; spot_checked=20260410_013927,20260411_065030,20260324_004852,20260323_210944,20260408_211754,20260413_005435,20260405_234652,20260321_235600,20260317_235150",high,high,import_cn_or_global
Dielectric Grease,11529,adenwalla.net,,,post_baseline_only,no_additional_buy_duplicate_entry,consumable_material,inspect_then_decide,procured_or_on_hand,procured_or_on_hand,Duplicate?  Needed? | Open item with no procurement evidence yet. | Migrated from Substances row 3 into Parts inventory. | Reconciled 2026-04-15: duplicate of procured Dielectric Grease line; no additional purchase required.,,,,,,Substances,3,INV-0123,Done / On hand,0,Duplicate resolved against procured Dielectric Grease line,INSPECT_THEN_DECIDE,medium,"photo_group=body_floor; group_photo_count=15; spot_checked=20260410_013927,20260411_065030,20260324_004852,20260323_210944,20260408_211754,20260413_005435,20260405_234652,20260321_235600,20260317_235150",medium,low,local_pk_or_on_hand
doors,existing,,Y,,body_and_weather_seal,refurbish_send_out,existing_component,restore_and_reuse,completed_refresh,reuse_existing,RR action=confirm_vendor_scope_and_return_condition; evidence=fj40-00229|akber_khan-00568|akber_khan-00705|akber_khan-00796 | Doors repainted; reuse existing unless hidden damage appears at final fit-up.,✓,,,,,Restore_Replace,3,INV-0140,Done / On hand,0,manual_bodywork_update_2026_04_15,REFRESH_EXISTING,medium,"photo_group=removable_panels; group_photo_count=13; spot_checked=20260410_013927,20260411_065030,20260324_004852,20260323_210944,20260408_211754,20260413_005435,20260405_234652,20260321_235600,20260317_235150",high,low,local_pk_or_on_hand
electrical_accessories,existing,,Y,,electrical,remove_nonbaseline_and_refit_clean,existing_component,restore_and_reuse,existing_reuse,reuse_existing,RR action=finish_deletion_of_old_accessory_wiring; evidence=fj40-00251,✓,,,,,Restore_Replace,10,INV-0147,Done / On hand,0,status,REFRESH_EXISTING,high,"photo_group=electrical_system; group_photo_count=52; spot_checked=20260410_013927,20260411_065030,20260324_004852,20260323_210944,20260408_211754,20260413_005435,20260405_234652,20260321_235600,20260317_235150",high,low,local_pk_or_on_hand
Engine-specific compressor bracket and belt solution,re-use,,,,,,existing_component,restore_and_reuse,existing_reuse,reuse_existing,"Marked for re-use, not replacement purchase.",✓,15000-50000,40000,High,Fabricator,Parts,9,INV-0008,Done / On hand,0,status,REFRESH_EXISTING,medium,"photo_group=engine_bay; group_photo_count=10; spot_checked=20260410_013927,20260411_065030,20260324_004852,20260323_210944,20260408_211754,20260413_005435,20260405_234652,20260321_235600,20260317_235150",high,low,local_pk_or_on_hand
Grommet Set,18600,starshop.pk,,9200 COD,post_baseline_only,defer_as_non_baseline,replacement_part,deferred_decision,procured_or_on_hand,procured_or_on_hand,Evidence indicates purchased/received. | Migrated from Wiring row 3 into Parts inventory. | RR action=No supplier action now.; evidence=Entry is already explicitly deferred or duplicate against selected baseline.,,,,,,Wiring,3,INV-0066,Done / On hand,0,procurement_pass2,DEFER_DECISION,high,"photo_group=electrical_system; group_photo_count=52; spot_checked=20260410_013927,20260411_065030,20260324_004852,20260323_210944,20260408_211754,20260413_005435,20260405_234652,20260321_235600,20260317_235150",medium,low,local_pk_or_on_hand
H4 Ceramic Headlight Connector,1350,Auto Xpert,Y,Y,,,wiring_material,replace_or_procure,procured_or_on_hand,procured_or_on_hand,Evidence indicates purchased/received. | Migrated from Wiring row 51 into Parts inventory.,,,,,,Wiring,51,INV-0093,Done / On hand,0,procurement_pass2,BUY_NEW,high,"photo_group=electrical_system; group_photo_count=52; spot_checked=20260410_013927,20260411_065030,20260324_004852,20260323_210944,20260408_211754,20260413_005435,20260405_234652,20260321_235600,20260317_235150",high,low,local_pk_or_on_hand
heat shrink tubing (various sizes) x 2,4200,IndustryParts.pk,Y,Y,,,wiring_material,replace_or_procure,procured_or_on_hand,procured_or_on_hand,Evidence indicates purchased/received. | Migrated from Wiring row 10 into Parts inventory.,,,,,,Wiring,10,INV-0073,Done / On hand,0,status,BUY_NEW,high,"photo_group=electrical_system; group_photo_count=52; spot_checked=20260410_013927,20260411_065030,20260324_004852,20260323_210944,20260408_211754,20260413_005435,20260405_234652,20260321_235600,20260317_235150",high,low,local_pk_or_on_hand
hood,existing,,Y,,body_and_weather_seal,refurbish_send_out,existing_component,restore_and_reuse,planned_refresh,reuse_existing,RR action=confirm_vendor_scope_and_return_condition; evidence=akber_khan-00796 | Retain refresh path; buy only if post-weld/post-paint inspection finds non-repairable damage.,✓,1000-5000,5000,Low,Local rubber supplier,Restore_Replace,5,INV-0142,P5 - Later phase,5,manual_bodywork_update_2026_04_15,REFRESH_EXISTING,medium,"photo_group=body_exterior; group_photo_count=6; spot_checked=20260410_013927,20260411_065030,20260324_004852,20260323_210944,20260408_211754,20260413_005435,20260405_234652,20260321_235600,20260317_235150",high,low,local_pk_or_on_hand
https://uni-core.pk/product/cables-wires/flexible-cables/2-5mmsq-flexible-cable/ - blue,9080,uni-core.pk,Y,Y,,,wiring_material,replace_or_procure,procured_or_on_hand,procured_or_on_hand,Evidence indicates purchased/received. | Migrated from Wiring row 72 into Parts inventory.,,,,,,Wiring,72,INV-0102,Done / On hand,0,status,BUY_NEW,high,"photo_group=electrical_system; group_photo_count=52; spot_checked=20260410_013927,20260411_065030,20260324_004852,20260323_210944,20260408_211754,20260413_005435,20260405_234652,20260321_235600,20260317_235150",high,low,local_pk_or_on_hand
https://uni-core.pk/product/flexible-cables/1-5mmsq-flexible-cable/ - yellow,5770,uni-core.pk,Y,Y,,,wiring_material,replace_or_procure,procured_or_on_hand,procured_or_on_hand,Evidence indicates purchased/received. | Migrated from Wiring row 73 into Parts inventory.,,,,,,Wiring,73,INV-0103,Done / On hand,0,status,BUY_NEW,high,"photo_group=electrical_system; group_photo_count=52; spot_checked=20260410_013927,20260411_065030,20260324_004852,20260323_210944,20260408_211754,20260413_005435,20260405_234652,20260321_235600,20260317_235150",high,low,local_pk_or_on_hand
https://uni-core.pk/product/flexible-cables/1mmsq-flexible-cable/ - white,4430,uni-core.pk,Y,Y,,,wiring_material,replace_or_procure,procured_or_on_hand,procured_or_on_hand,Evidence indicates purchased/received. | Migrated from Wiring row 74 into Parts inventory.,,,,,,Wiring,74,INV-0104,Done / On hand,0,status,BUY_NEW,high,"photo_group=electrical_system; group_photo_count=52; spot_checked=20260410_013927,20260411_065030,20260324_004852,20260323_210944,20260408_211754,20260413_005435,20260405_234652,20260321_235600,20260317_235150",high,low,local_pk_or_on_hand
Insulated Thimbles female lug 2.5mm Blue in Pakistan × 1,450,fiaz.com.pk,Y,Y,,,wiring_material,replace_or_procure,procured_or_on_hand,procured_or_on_hand,Evidence indicates purchased/received. | Migrated from Wiring row 49 into Parts inventory.,,,,,,Wiring,49,INV-0091,Done / On hand,0,status,BUY_NEW,high,"photo_group=electrical_system; group_photo_count=52; spot_checked=20260410_013927,20260411_065030,20260324_004852,20260323_210944,20260408_211754,20260413_005435,20260405_234652,20260321_235600,20260317_235150",high,low,local_pk_or_on_hand
Insulated Thimbles Male lug 2.5mm Blue in Pakistan × 1,700,fiaz.com.pk,Y,Y,,,wiring_material,replace_or_procure,procured_or_on_hand,procured_or_on_hand,Evidence indicates purchased/received. | Migrated from Wiring row 48 into Parts inventory.,,,,,,Wiring,48,INV-0090,Done / On hand,0,status,BUY_NEW,high,"photo_group=electrical_system; group_photo_count=52; spot_checked=20260410_013927,20260411_065030,20260324_004852,20260323_210944,20260408_211754,20260413_005435,20260405_234652,20260321_235600,20260317_235150",high,low,local_pk_or_on_hand
interior,existing,,Y,,interior_refit,clean_store_for_reuse,existing_component,restore_and_reuse,existing_reuse,reuse_existing,RR action=complete_tagging_and_damage_check; evidence=akber_khan-00793|akber_khan-00796|akber_khan-00808,✓,,,,,Restore_Replace,9,INV-0146,Done / On hand,0,status,REFRESH_EXISTING,high,"photo_group=interior_cabin; group_photo_count=24; spot_checked=20260410_013927,20260411_065030,20260324_004852,20260323_210944,20260408_211754,20260413_005435,20260405_234652,20260321_235600,20260317_235150",high,low,local_pk_or_on_hand
Lithium Grease + PTFE 400ML × 1,2200,ToolsMart.pk,Y,Y,,,consumable_material,replace_or_procure,procured_or_on_hand,procured_or_on_hand,Evidence indicates purchased/received. | Migrated from Substances row 21 into Parts inventory.,,,,,,Substances,21,INV-0135,Done / On hand,0,status,BUY_NEW,medium,"photo_group=body_floor; group_photo_count=15; spot_checked=20260410_013927,20260411_065030,20260324_004852,20260323_210944,20260408_211754,20260413_005435,20260405_234652,20260321_235600,20260317_235150",high,low,local_pk_or_on_hand
Littelfuse Bolt-down Automotive Fuse MIDI/498 Auto Fuse 30A  x2,3409,AliExpress,Y,Y,,,wiring_material,replace_or_procure,procured_or_on_hand,procured_or_on_hand,Evidence indicates purchased/received. | Migrated from Wiring row 34 into Parts inventory.,,,,,,Wiring,34,INV-0082,Done / On hand,0,status,BUY_NEW,high,"photo_group=electrical_system; group_photo_count=52; spot_checked=20260410_013927,20260411_065030,20260324_004852,20260323_210944,20260408_211754,20260413_005435,20260405_234652,20260321_235600,20260317_235150",high,high,import_cn_or_global
Littelfuse Bolt-down Automotive Fuse MIDI/498 Auto Fuse 50A,,AliExpress,Y,Y,,,wiring_material,replace_or_procure,procured_or_on_hand,procured_or_on_hand,Evidence indicates purchased/received. | Migrated from Wiring row 35 into Parts inventory.,,,,,,Wiring,35,INV-0083,Done / On hand,0,status,BUY_NEW,high,"photo_group=electrical_system; group_photo_count=52; spot_checked=20260410_013927,20260411_065030,20260324_004852,20260323_210944,20260408_211754,20260413_005435,20260405_234652,20260321_235600,20260317_235150",high,high,import_cn_or_global
Littelfuse Bolt-down Automotive Fuse MIDI/498 Auto Fuse 50A,,AliExpress,Y,Y,,,wiring_material,replace_or_procure,procured_or_on_hand,procured_or_on_hand,Evidence indicates purchased/received. | Migrated from Wiring row 36 into Parts inventory.,,,,,,Wiring,36,INV-0084,Done / On hand,0,status,BUY_NEW,high,"photo_group=electrical_system; group_photo_count=52; spot_checked=20260410_013927,20260411_065030,20260324_004852,20260323_210944,20260408_211754,20260413_005435,20260405_234652,20260321_235600,20260317_235150",high,high,import_cn_or_global
Littelfuse Bolt-down Automotive Fuse MIDI/498 Auto Fuse 60A,843,AliExpress,Y,Y,,,wiring_material,replace_or_procure,procured_or_on_hand,procured_or_on_hand,Evidence indicates purchased/received. | Migrated from Wiring row 37 into Parts inventory.,,,,,,Wiring,37,INV-0085,Done / On hand,0,status,BUY_NEW,high,"photo_group=electrical_system; group_photo_count=52; spot_checked=20260410_013927,20260411_065030,20260324_004852,20260323_210944,20260408_211754,20260413_005435,20260405_234652,20260321_235600,20260317_235150",high,high,import_cn_or_global
Loctite 290 – Medium/High Strength Wicking Grade Threadlocker × 1,1520,ToolsMart.pk,Y,Y,,,consumable_material,replace_or_procure,procured_or_on_hand,procured_or_on_hand,Evidence indicates purchased/received. | Migrated from Substances row 20 into Parts inventory.,,3000-10000,8000,Medium,Hardware / tool supplier,Substances,20,INV-0134,Done / On hand,0,status,BUY_NEW,medium,"photo_group=body_floor; group_photo_count=15; spot_checked=20260410_013927,20260411_065030,20260324_004852,20260323_210944,20260408_211754,20260413_005435,20260405_234652,20260321_235600,20260317_235150",high,low,local_pk_or_on_hand
MOMO Carbon Fiber Steering Wheel,8444,pakwheels,Y,Y,,,replacement_part,replace_or_procure,procured_or_on_hand,procured_or_on_hand,Evidence indicates purchased/received.,✓,,,,,Parts,6,INV-0005,Done / On hand,0,status,BUY_NEW,high,"photo_group=chassis_underside; group_photo_count=32; spot_checked=20260410_013927,20260411_065030,20260324_004852,20260323_210944,20260408_211754,20260413_005435,20260405_234652,20260321_235600,20260317_235150",high,low,local_pk_or_on_hand
O-type Blue Insulated Thimble/ Cable Lug 2.5mm × 1,250,fiaz.com.pk,Y,Y,,,wiring_material,replace_or_procure,procured_or_on_hand,procured_or_on_hand,Evidence indicates purchased/received. | Migrated from Wiring row 47 into Parts inventory.,,,,,,Wiring,47,INV-0089,Done / On hand,0,status,BUY_NEW,high,"photo_group=electrical_system; group_photo_count=52; spot_checked=20260410_013927,20260411_065030,20260324_004852,20260323_210944,20260408_211754,20260413_005435,20260405_234652,20260321_235600,20260317_235150",high,low,local_pk_or_on_hand
O-type Yellow Insulated Thimble/ Cable Lug 4mm (6mm hole) × 1,750,fiaz.com.pk,Y,Y,,,wiring_material,replace_or_procure,procured_or_on_hand,procured_or_on_hand,Evidence indicates purchased/received. | Migrated from Wiring row 50 into Parts inventory.,,,,,,Wiring,50,INV-0092,Done / On hand,0,status,BUY_NEW,high,"photo_group=electrical_system; group_photo_count=52; spot_checked=20260410_013927,20260411_065030,20260324_004852,20260323_210944,20260408_211754,20260413_005435,20260405_234652,20260321_235600,20260317_235150",high,low,local_pk_or_on_hand
PERMATEX 81150 DIE ELECTRIC TUNE UP GREASE 0.33 OZ,1288,Adenwalla & Sons,,COD,,,consumable_material,replace_or_procure,procured_or_on_hand,procured_or_on_hand,Evidence indicates purchased/received. | Migrated from Substances row 4 into Parts inventory.,,,,,,Substances,4,INV-0124,Done / On hand,0,status,BUY_NEW,medium,"photo_group=body_floor; group_photo_count=15; spot_checked=20260410_013927,20260411_065030,20260324_004852,20260323_210944,20260408_211754,20260413_005435,20260405_234652,20260321_235600,20260317_235150",high,low,local_pk_or_on_hand
Permatex Copper Anti Seize Lubricant Premium Quality in Pakistan,11000,Pakistan Power Tool,Y,Y,,,consumable_material,replace_or_procure,procured_or_on_hand,procured_or_on_hand,Evidence indicates purchased/received. | Migrated from Substances row 14 into Parts inventory.,,,,,,Substances,14,INV-0129,Done / On hand,0,status,BUY_NEW,medium,"photo_group=body_floor; group_photo_count=15; spot_checked=20260410_013927,20260411_065030,20260324_004852,20260323_210944,20260408_211754,20260413_005435,20260405_234652,20260321_235600,20260317_235150",high,low,local_pk_or_on_hand
Portable 12-Way Car Fuse Box Universal Automotive Box Holder with Led Indicator,4000,Mughal,Y,Y,,,wiring_material,replace_or_procure,procured_or_on_hand,procured_or_on_hand,Evidence indicates purchased/received. | Migrated from Wiring row 33 into Parts inventory.,,,,,,Wiring,33,INV-0081,Done / On hand,0,status,BUY_NEW,high,"photo_group=electrical_system; group_photo_count=52; spot_checked=20260410_013927,20260411_065030,20260324_004852,20260323_210944,20260408_211754,20260413_005435,20260405_234652,20260321_235600,20260317_235150",high,low,local_pk_or_on_hand
RAPTOR LINER TINTABLE STANDARD 3.8L KIT,39900,adenwalla,Y,Y,,,consumable_material,replace_or_procure,procured_or_on_hand,procured_or_on_hand,Evidence indicates purchased/received. | Migrated from Substances row 15 into Parts inventory.,,,,,,Substances,15,INV-0130,Done / On hand,0,status,BUY_NEW,medium,"photo_group=body_floor; group_photo_count=15; spot_checked=20260410_013927,20260411_065030,20260324_004852,20260323_210944,20260408_211754,20260413_005435,20260405_234652,20260321_235600,20260317_235150",high,low,local_pk_or_on_hand
Relay Box 12V 10 Way Relay Block and 10 Way ATC/ATO Blade Fuse Pane,37924,AliExpress,Y,Y,,,wiring_material,replace_or_procure,procured_or_on_hand,procured_or_on_hand,Evidence indicates purchased/received. | Migrated from Wiring row 28 into Parts inventory.,,,,,,Wiring,28,INV-0079,Done / On hand,0,status,BUY_NEW,high,"photo_group=electrical_system; group_photo_count=52; spot_checked=20260410_013927,20260411_065030,20260324_004852,20260323_210944,20260408_211754,20260413_005435,20260405_234652,20260321_235600,20260317_235150",high,high,import_cn_or_global
roof,existing,,Y,,body_and_weather_seal,refurbish_send_out,existing_component,restore_and_reuse,planned_refresh,reuse_existing,RR action=confirm_vendor_scope_and_return_condition; evidence=fj40-00133|fj40-00229|akber_khan-00796 | Retain roof refresh path with channel repair; replace only if repair scope fails.,✓,,,,,Restore_Replace,2,INV-0139,P5 - Later phase,5,manual_bodywork_update_2026_04_15,REFRESH_EXISTING,low,"photo_group=roof_and_gutters; group_photo_count=4; spot_checked=20260410_013927,20260411_065030,20260324_004852,20260323_210944,20260408_211754,20260413_005435,20260405_234652,20260321_235600,20260317_235150",high,low,local_pk_or_on_hand
ROST FLASH PRO,1365,adenwalla,Y,Y,,,consumable_material,replace_or_procure,procured_or_on_hand,procured_or_on_hand,Freeing bolts | Evidence indicates purchased/received. | Migrated from Substances row 13 into Parts inventory.,,,,,,Substances,13,INV-0128,Done / On hand,0,status,BUY_NEW,medium,"photo_group=body_floor; group_photo_count=15; spot_checked=20260410_013927,20260411_065030,20260324_004852,20260323_210944,20260408_211754,20260413_005435,20260405_234652,20260321_235600,20260317_235150",high,low,local_pk_or_on_hand
rubbers_and_seals,existing,,Y,,body_and_weather_seal,refurbish_service_subcomponents,existing_component,restore_and_reuse,existing_reuse,reuse_existing,RR action=service_mechanisms_and_rubbers_before_refit; evidence=akber_khan-00796|akber_khan-00797,✓,,,,,Restore_Replace,8,INV-0145,Done / On hand,0,status,REFRESH_EXISTING,low,"photo_group=rubbers_and_seals; group_photo_count=1; spot_checked=20260410_013927,20260411_065030,20260324_004852,20260323_210944,20260408_211754,20260413_005435,20260405_234652,20260321_235600,20260317_235150",high,low,local_pk_or_on_hand
Sanden-type compressor,re-use,,,,,,existing_component,restore_and_reuse,existing_reuse,reuse_existing,"Marked for re-use, not replacement purchase.",✓,,,,,Parts,8,INV-0007,Done / On hand,0,status,REFRESH_EXISTING,medium,"photo_group=engine_bay; group_photo_count=10; spot_checked=20260410_013927,20260411_065030,20260324_004852,20260323_210944,20260408_211754,20260413_005435,20260405_234652,20260321_235600,20260317_235150",high,low,local_pk_or_on_hand
Steelmate Central Locking System,4680,Autostore.pk,Y,Y,,,replacement_part,replace_or_procure,procured_or_on_hand,procured_or_on_hand,Evidence indicates purchased/received.,✓,,,,,Parts,7,INV-0006,Done / On hand,0,status,BUY_NEW,medium,"photo_group=documentation_reference; group_photo_count=5; spot_checked=20260410_013927,20260411_065030,20260324_004852,20260323_210944,20260408_211754,20260413_005435,20260405_234652,20260321_235600,20260317_235150",high,low,local_pk_or_on_hand
Toyota Land Cruiser FJ40 Neoprene Top Cover - Model 1960-1984,11500,Autozcare,Y,Y,,,replacement_part,replace_or_procure,procured_or_on_hand,procured_or_on_hand,Evidence indicates purchased/received.,✓,,,,,Parts,2,INV-0001,Done / On hand,0,status,BUY_NEW,medium,"photo_group=documentation_reference; group_photo_count=5; spot_checked=20260410_013927,20260411_065030,20260324_004852,20260323_210944,20260408_211754,20260413_005435,20260405_234652,20260321_235600,20260317_235150",high,low,local_pk_or_on_hand
Universal 4-inch Switch Panel 3pcs,4290,chaudhryautostore,Y,Y,,,wiring_material,replace_or_procure,procured_or_on_hand,procured_or_on_hand,Rocker Switches | Evidence indicates purchased/received. | Migrated from Wiring row 57 into Parts inventory.,,,,,,Wiring,57,INV-0097,Done / On hand,0,status,BUY_NEW,high,"photo_group=electrical_system; group_photo_count=52; spot_checked=20260410_013927,20260411_065030,20260324_004852,20260323_210944,20260408_211754,20260413_005435,20260405_234652,20260321_235600,20260317_235150",high,low,local_pk_or_on_hand
VMD Brake and Clutch Cleaner 400ML × 1,1840,ToolsMart.pk,Y,Y,,,consumable_material,replace_or_procure,procured_or_on_hand,procured_or_on_hand,Evidence indicates purchased/received. | Migrated from Substances row 19 into Parts inventory.,,,,,,Substances,19,INV-0133,Done / On hand,0,status,BUY_NEW,medium,"photo_group=engine_bay; group_photo_count=10; spot_checked=20260410_013927,20260411_065030,20260324_004852,20260323_210944,20260408_211754,20260413_005435,20260405_234652,20260321_235600,20260317_235150",high,low,local_pk_or_on_hand
VMD Unlocking Protective Lubricating Agent 200ML × 1,1060,ToolsMart.pk,Y,Y,,,consumable_material,replace_or_procure,procured_or_on_hand,procured_or_on_hand,Evidence indicates purchased/received. | Migrated from Substances row 18 into Parts inventory.,,,,,,Substances,18,INV-0132,Done / On hand,0,status,BUY_NEW,medium,"photo_group=body_floor; group_photo_count=15; spot_checked=20260410_013927,20260411_065030,20260324_004852,20260323_210944,20260408_211754,20260413_005435,20260405_234652,20260321_235600,20260317_235150",high,low,local_pk_or_on_hand
WD-40 Multi-Use Product Handy Can 200ml (Pack Of 3),2300,adenwalla,Y,Y,,,consumable_material,replace_or_procure,procured_or_on_hand,procured_or_on_hand,Evidence indicates purchased/received. | Migrated from Substances row 16 into Parts inventory.,,,,,,Substances,16,INV-0131,Done / On hand,0,status,BUY_NEW,medium,"photo_group=body_floor; group_photo_count=15; spot_checked=20260410_013927,20260411_065030,20260324_004852,20260323_210944,20260408_211754,20260413_005435,20260405_234652,20260321_235600,20260317_235150",high,low,local_pk_or_on_hand
window_hardware,existing,,Y,,body_and_weather_seal,refurbish_service_subcomponents,existing_component,restore_and_reuse,existing_reuse,reuse_existing,RR action=service_mechanisms_and_rubbers_before_refit; evidence=akber_khan-00796,✓,,,,,Restore_Replace,7,INV-0144,Done / On hand,0,status,REFRESH_EXISTING,low,"photo_group=window_hardware; group_photo_count=1; spot_checked=20260410_013927,20260411_065030,20260324_004852,20260323_210944,20260408_211754,20260413_005435,20260405_234652,20260321_235600,20260317_235150",high,low,local_pk_or_on_hand
windows,existing,,Y,,body_and_weather_seal,refurbish_send_out,existing_component,restore_and_reuse,planned_refresh,reuse_existing,RR action=confirm_vendor_scope_and_return_condition; evidence=akber_khan-00568|akber_khan-00796 | Glass/frame retained; inspect seals at final fit-up before buying replacements.,✓,,,,,Restore_Replace,4,INV-0141,P5 - Later phase,5,manual_bodywork_update_2026_04_15,REFRESH_EXISTING,low,"photo_group=window_hardware; group_photo_count=1; spot_checked=20260410_013927,20260411_065030,20260324_004852,20260323_210944,20260408_211754,20260413_005435,20260405_234652,20260321_235600,20260317_235150",high,low,local_pk_or_on_hand
Wire Insulation Heat Shrink Tubes,3999,,Y,Y,,,wiring_material,replace_or_procure,procured_or_on_hand,procured_or_on_hand,Evidence indicates purchased/received. | Migrated from Wiring row 102 into Parts inventory.,,,,,,Wiring,102,INV-0120,Done / On hand,0,status,BUY_NEW,high,"photo_group=electrical_system; group_photo_count=52; spot_checked=20260410_013927,20260411_065030,20260324_004852,20260323_210944,20260408_211754,20260413_005435,20260405_234652,20260321_235600,20260317_235150",high,low,local_pk_or_on_hand
Maximus Under Seat Subwoofer Box With Built in Amplifier - Compact Active Bass Woofer for Cars,25100,SehgalMotors.PK,,Cancelled?,revovate existing,,replacement_part,cancelled,cancelled,cancelled,Marked cancelled.,cancelled,,,,,Parts,3,INV-0002,Cancelled,99,status,CANCELLED,medium,"photo_group=documentation_reference; group_photo_count=5; spot_checked=20260410_013927,20260411_065030,20260324_004852,20260323_210944,20260408_211754,20260413_005435,20260405_234652,20260321_235600,20260317_235150",high,low,local_pk_or_on_hand
Universal Android LCD Tab 9 Inches With Wiring - Without Main Grip × 1,14600,"
]ehgalMotors.PK",,Cancelled?,,,replacement_part,cancelled,cancelled,cancelled,Marked cancelled.,cancelled,,,,,Parts,4,INV-0003,Cancelled,99,status,CANCELLED,high,"photo_group=electrical_system; group_photo_count=52; spot_checked=20260410_013927,20260411_065030,20260324_004852,20260323_210944,20260408_211754,20260413_005435,20260405_234652,20260321_235600,20260317_235150",high,low,local_pk_or_on_hand
