file_name,relative_path,component_group,stage,confidence,decision,reason,target_relative_path
20260314_180058.jpg,photos/20260314_180058.jpg,body_exterior,baseline_walkaround,high,keep,keyword_car_match,
20260314_180059_gp_x5fsOjjA.jpg,photos/20260314_180059_gp_x5fsOjjA.jpg,body_exterior,baseline_walkaround,high,keep,keyword_car_match,
20260317_165030.jpg,photos/20260317_165030.jpg,body_exterior,baseline_walkaround,high,keep,keyword_car_match,
20260317_165030_gp_j49pTsog.jpg,photos/20260317_165030_gp_j49pTsog.jpg,body_exterior,baseline_walkaround,high,keep,keyword_car_match,
20260317_165113.jpg,photos/20260317_165113.jpg,interior_cabin,baseline_walkaround,high,keep,component_group_not_reference,
20260317_165114_gp_meA0ZqNA.jpg,photos/20260317_165114_gp_meA0ZqNA.jpg,interior_cabin,baseline_walkaround,high,keep,component_group_not_reference,
20260317_165120.jpg,photos/20260317_165120.jpg,interior_cabin,baseline_walkaround,high,keep,component_group_not_reference,
20260317_165120_gp_T9xvPw2Q.jpg,photos/20260317_165120_gp_T9xvPw2Q.jpg,interior_cabin,baseline_walkaround,high,keep,component_group_not_reference,
20260317_165124.jpg,photos/20260317_165124.jpg,interior_cabin,baseline_walkaround,high,keep,component_group_not_reference,
20260317_165124_gp_0RHELA3A.jpg,photos/20260317_165124_gp_0RHELA3A.jpg,interior_cabin,baseline_walkaround,high,keep,component_group_not_reference,
20260317_165129.jpg,photos/20260317_165129.jpg,interior_cabin,baseline_walkaround,high,keep,component_group_not_reference,
20260317_165129_gp_QZEuQdvg.jpg,photos/20260317_165129_gp_QZEuQdvg.jpg,interior_cabin,baseline_walkaround,high,keep,component_group_not_reference,
20260317_165134.jpg,photos/20260317_165134.jpg,interior_cabin,baseline_walkaround,high,keep,component_group_not_reference,
20260317_165134_gp_XqLviLDQ.jpg,photos/20260317_165134_gp_XqLviLDQ.jpg,interior_cabin,baseline_walkaround,high,keep,component_group_not_reference,
20260317_165140.jpg,photos/20260317_165140.jpg,interior_cabin,baseline_walkaround,high,keep,component_group_not_reference,
20260317_165140_gp_4kqCeJEA.jpg,photos/20260317_165140_gp_4kqCeJEA.jpg,interior_cabin,baseline_walkaround,high,keep,component_group_not_reference,
20260317_165145.jpg,photos/20260317_165145.jpg,interior_cabin,baseline_walkaround,high,keep,component_group_not_reference,
20260317_165146_gp_ET3Urybw.jpg,photos/20260317_165146_gp_ET3Urybw.jpg,interior_cabin,baseline_walkaround,high,keep,component_group_not_reference,
20260317_165157.jpg,photos/20260317_165157.jpg,interior_cabin,baseline_walkaround,high,keep,component_group_not_reference,
20260317_165157_gp_r5zl6uag.jpg,photos/20260317_165157_gp_r5zl6uag.jpg,interior_cabin,baseline_walkaround,high,keep,component_group_not_reference,
20260317_165203.jpg,photos/20260317_165203.jpg,interior_cabin,baseline_walkaround,high,keep,component_group_not_reference,
20260317_165203_gp_wIZTDFrQ.jpg,photos/20260317_165203_gp_wIZTDFrQ.jpg,interior_cabin,baseline_walkaround,high,keep,component_group_not_reference,
20260317_235150.jpg,photos/20260317_235150.jpg,engine_bay,stripdown_cataloguing,high,keep,keyword_car_match,
20260317_235152_gp_yJFNNGlA.jpg,photos/20260317_235152_gp_yJFNNGlA.jpg,engine_bay,baseline_walkaround,high,keep,keyword_car_match,
20260317_235201.jpg,photos/20260317_235201.jpg,engine_bay,stripdown_cataloguing,high,keep,keyword_car_match,
20260317_235204_gp_14hUn3XA.jpg,photos/20260317_235204_gp_14hUn3XA.jpg,engine_bay,baseline_walkaround,high,keep,keyword_car_match,
20260317_235216.jpg,photos/20260317_235216.jpg,engine_bay,stripdown_cataloguing,high,keep,keyword_car_match,
20260317_235219_gp_rjDgGWZw.jpg,photos/20260317_235219_gp_rjDgGWZw.jpg,engine_bay,baseline_walkaround,high,keep,keyword_car_match,
20260317_235229.jpg,photos/20260317_235229.jpg,engine_bay,stripdown_cataloguing,high,keep,keyword_car_match,
20260317_235232_gp_3Ojs4Rag.jpg,photos/20260317_235232_gp_3Ojs4Rag.jpg,engine_bay,baseline_walkaround,high,keep,keyword_car_match,
20260319_182448.jpg,photos/20260319_182448.jpg,removable_panels,removed_parts_cataloguing,high,keep,component_group_not_reference,
20260319_182449_gp_ttDAl3iw.jpg,photos/20260319_182449_gp_ttDAl3iw.jpg,removable_panels,removed_parts_cataloguing,high,keep,component_group_not_reference,
20260320_191834.jpg,photos/20260320_191834.jpg,electrical_system,electrical_rework,high,keep,keyword_car_match,
20260320_191837_gp_tmpBN7rA.jpg,photos/20260320_191837_gp_tmpBN7rA.jpg,electrical_system,electrical_rework,high,keep,keyword_car_match,
20260320_191846.jpg,photos/20260320_191846.jpg,electrical_system,electrical_rework,high,keep,keyword_car_match,
20260320_191848_gp_1zuoDRhw.jpg,photos/20260320_191848_gp_1zuoDRhw.jpg,electrical_system,electrical_rework,high,keep,keyword_car_match,
20260320_192143.jpg,photos/20260320_192143.jpg,electrical_system,electrical_rework,high,keep,keyword_car_match,
20260320_192145_gp_VGtn7lYA.jpg,photos/20260320_192145_gp_VGtn7lYA.jpg,electrical_system,electrical_rework,high,keep,keyword_car_match,
20260320_192148.jpg,photos/20260320_192148.jpg,electrical_system,electrical_rework,high,keep,keyword_car_match,
20260320_192151_gp_1q5neNiA.jpg,photos/20260320_192151_gp_1q5neNiA.jpg,electrical_system,electrical_rework,high,keep,keyword_car_match,
20260320_192153.jpg,photos/20260320_192153.jpg,electrical_system,electrical_rework,high,keep,keyword_car_match,
20260320_192155_gp_3LEXqF6g.jpg,photos/20260320_192155_gp_3LEXqF6g.jpg,electrical_system,electrical_rework,high,keep,keyword_car_match,
20260321_235436.jpg,photos/20260321_235436.jpg,interior_cabin,stripdown_cataloguing,high,keep,keyword_car_match,
20260321_235439_gp_K6PYqo5A.jpg,photos/20260321_235439_gp_K6PYqo5A.jpg,interior_cabin,stripdown_cataloguing,high,keep,keyword_car_match,
20260321_235441.jpg,photos/20260321_235441.jpg,interior_cabin,stripdown_cataloguing,high,keep,keyword_car_match,
20260321_235441_exported_1774186863455.jpg,photos/20260321_235441_exported_1774186863455.jpg,interior_cabin,stripdown_cataloguing,high,keep,keyword_car_match,
20260321_235444_gp_wQoX9Mug.jpg,photos/20260321_235444_gp_wQoX9Mug.jpg,interior_cabin,stripdown_cataloguing,high,keep,keyword_car_match,
20260321_235444_gp_zOybRRYA.jpg,photos/20260321_235444_gp_zOybRRYA.jpg,interior_cabin,stripdown_cataloguing,high,keep,keyword_car_match,
20260321_235501.jpg,photos/20260321_235501.jpg,engine_bay,stripdown_cataloguing,high,keep,keyword_car_match,
20260321_235600.jpg,photos/20260321_235600.jpg,interior_cabin,stripdown_cataloguing,high,keep,keyword_car_match,
20260321_235605.jpg,photos/20260321_235605.jpg,interior_cabin,stripdown_cataloguing,high,keep,keyword_car_match,
20260323_180218.jpg,photos/20260323_180218.jpg,interior_cabin,stripdown_cataloguing,high,keep,keyword_car_match,
20260323_180220_gp_R3uBBhUw.jpg,photos/20260323_180220_gp_R3uBBhUw.jpg,interior_cabin,stripdown_cataloguing,high,keep,keyword_car_match,
20260323_180314.jpg,photos/20260323_180314.jpg,interior_cabin,stripdown_cataloguing,high,keep,keyword_car_match,
20260323_180316_gp_65cSGRyQ.jpg,photos/20260323_180316_gp_65cSGRyQ.jpg,interior_cabin,stripdown_cataloguing,high,keep,keyword_car_match,
20260323_185920.jpg,photos/20260323_185920.jpg,engine_bay,stripdown_cataloguing,high,keep,keyword_car_match,
20260323_185922_gp_XWQyq7dw.jpg,photos/20260323_185922_gp_XWQyq7dw.jpg,interior_cabin,stripdown_cataloguing,high,keep,keyword_car_match,
20260323_185947.jpg,photos/20260323_185947.jpg,interior_cabin,stripdown_cataloguing,high,keep,keyword_car_match,
20260323_185949_gp_bRW3C2Ng.jpg,photos/20260323_185949_gp_bRW3C2Ng.jpg,interior_cabin,stripdown_cataloguing,high,keep,keyword_car_match,
20260323_190005.jpg,photos/20260323_190005.jpg,interior_cabin,stripdown_cataloguing,high,keep,keyword_car_match,
20260323_190006_gp_xzDpzXmg.jpg,photos/20260323_190006_gp_xzDpzXmg.jpg,interior_cabin,stripdown_cataloguing,high,keep,keyword_car_match,
20260323_190037.jpg,photos/20260323_190037.jpg,interior_cabin,stripdown_cataloguing,high,keep,keyword_car_match,
20260323_190038_gp_i9KuGptA.jpg,photos/20260323_190038_gp_i9KuGptA.jpg,interior_cabin,stripdown_cataloguing,high,keep,keyword_car_match,
20260323_190047.jpg,photos/20260323_190047.jpg,interior_cabin,stripdown_cataloguing,high,keep,keyword_car_match,
20260323_190048_gp_MSH3WpmQ.jpg,photos/20260323_190048_gp_MSH3WpmQ.jpg,interior_cabin,stripdown_cataloguing,high,keep,keyword_car_match,
20260323_201950.jpg,photos/20260323_201950.jpg,body_exterior,removed_parts_cataloguing,high,keep,keyword_car_match,
20260323_201952_gp_Jms9V7Ew.jpg,photos/20260323_201952_gp_Jms9V7Ew.jpg,interior_cabin,stripdown_cataloguing,high,keep,keyword_car_match,
20260323_201957.jpg,photos/20260323_201957.jpg,body_exterior,removed_parts_cataloguing,high,keep,keyword_car_match,
20260323_202000_gp_HvImDixA.jpg,photos/20260323_202000_gp_HvImDixA.jpg,interior_cabin,stripdown_cataloguing,high,keep,keyword_car_match,
20260323_202016.jpg,photos/20260323_202016.jpg,body_floor,stripdown_cataloguing,high,keep,keyword_car_match,
20260323_202020_gp_2a0rVClA.jpg,photos/20260323_202020_gp_2a0rVClA.jpg,interior_cabin,stripdown_cataloguing,high,keep,keyword_car_match,
20260323_210944.jpg,photos/20260323_210944.jpg,roof_and_gutters,rust_assessment,high,keep,keyword_car_match,
20260323_210946_gp_0UMDdELw.jpg,photos/20260323_210946_gp_0UMDdELw.jpg,interior_cabin,stripdown_cataloguing,high,keep,keyword_car_match,
20260323_210954.jpg,photos/20260323_210954.jpg,roof_and_gutters,rust_assessment,high,keep,keyword_car_match,
20260323_210956_gp_xTOMHTiA.jpg,photos/20260323_210956_gp_xTOMHTiA.jpg,interior_cabin,stripdown_cataloguing,high,keep,keyword_car_match,
20260323_211003.jpg,photos/20260323_211003.jpg,roof_and_gutters,rust_assessment,high,keep,keyword_car_match,
20260323_211006_gp_lhopOh5A.jpg,photos/20260323_211006_gp_lhopOh5A.jpg,interior_cabin,stripdown_cataloguing,high,keep,keyword_car_match,
20260323_211027.jpg,photos/20260323_211027.jpg,roof_and_gutters,rust_assessment,high,keep,keyword_car_match,
20260323_211028_gp_7IYxU7Wg.jpg,photos/20260323_211028_gp_7IYxU7Wg.jpg,interior_cabin,stripdown_cataloguing,high,keep,keyword_car_match,
20260324_004812.jpg,photos/20260324_004812.jpg,electrical_system,stripdown_cataloguing,high,keep,keyword_car_match,
20260324_004815_gp_Q9G5DYGw.jpg,photos/20260324_004815_gp_Q9G5DYGw.jpg,chassis_underside,underside_inspection,high,keep,keyword_car_match,
20260324_004830.jpg,photos/20260324_004830.jpg,wheels_and_tires,underside_inspection,high,keep,component_group_not_reference,
20260324_004832_gp_5elxVhZw.jpg,photos/20260324_004832_gp_5elxVhZw.jpg,chassis_underside,underside_inspection,high,keep,keyword_car_match,
20260324_004852.jpg,photos/20260324_004852.jpg,chassis_underside,underside_inspection,high,keep,keyword_car_match,
20260324_004855_gp_LX6anGdw.jpg,photos/20260324_004855_gp_LX6anGdw.jpg,chassis_underside,underside_inspection,high,keep,keyword_car_match,
20260324_004901.jpg,photos/20260324_004901.jpg,chassis_underside,underside_inspection,high,keep,keyword_car_match,
20260324_004904_gp_idPFK8Og.jpg,photos/20260324_004904_gp_idPFK8Og.jpg,chassis_underside,underside_inspection,high,keep,keyword_car_match,
20260324_004906.jpg,photos/20260324_004906.jpg,chassis_underside,underside_inspection,high,keep,keyword_car_match,
20260324_004909_gp_IC7fzX9A.jpg,photos/20260324_004909_gp_IC7fzX9A.jpg,chassis_underside,underside_inspection,high,keep,keyword_car_match,
20260324_004918.jpg,photos/20260324_004918.jpg,chassis_underside,underside_inspection,high,keep,keyword_car_match,
20260324_004921_gp_bHLJcrEw.jpg,photos/20260324_004921_gp_bHLJcrEw.jpg,chassis_underside,underside_inspection,high,keep,keyword_car_match,
20260328_053638_gp_t6Q3oCTA.jpg,photos/20260328_053638_gp_t6Q3oCTA.jpg,electrical_system,electrical_rework,high,keep,keyword_car_match,
20260328_053645_gp_6idpzPCg.jpg,photos/20260328_053645_gp_6idpzPCg.jpg,electrical_system,electrical_rework,high,keep,keyword_car_match,
20260328_174655_gp_uKQXWNAg.jpeg,photos/20260328_174655_gp_uKQXWNAg.jpeg,electrical_system,electrical_rework,high,keep,keyword_car_match,
20260328_232207.jpg,photos/20260328_232207.jpg,electrical_system,electrical_rework,high,keep,keyword_car_match,
20260328_232208_gp_z4ICp1LA.jpg,photos/20260328_232208_gp_z4ICp1LA.jpg,electrical_system,electrical_rework,high,keep,keyword_car_match,
20260329_051754.jpg,photos/20260329_051754.jpg,rubbers_and_seals,removed_parts_cataloguing,high,keep,component_group_not_reference,
20260329_051754_gp_YcnhIwZQ.jpg,photos/20260329_051754_gp_YcnhIwZQ.jpg,rubbers_and_seals,removed_parts_cataloguing,high,keep,component_group_not_reference,
20260329_051759_gp_xEzrDYhQ.jpg,photos/20260329_051759_gp_xEzrDYhQ.jpg,body_exterior,baseline_walkaround,medium,keep,component_group_not_reference,
20260329_051805_gp_oRw8XV8Q.jpg,photos/20260329_051805_gp_oRw8XV8Q.jpg,body_exterior,baseline_walkaround,medium,keep,component_group_not_reference,
20260329_095138.mp4,photos/20260329_095138.mp4,documentation_reference,reference_material,high,keep,reference_but_high_or_medium_confidence,
20260329_095150_gp_3O2NOXyw.mp4,photos/20260329_095150_gp_3O2NOXyw.mp4,body_exterior,baseline_walkaround,medium,keep,component_group_not_reference,
20260329_122723.jpg,photos/20260329_122723.jpg,body_exterior,baseline_walkaround,high,keep,component_group_not_reference,
20260329_122723_gp_aRwFMcGg.jpg,photos/20260329_122723_gp_aRwFMcGg.jpg,body_exterior,baseline_walkaround,high,keep,component_group_not_reference,
20260329_122855.jpg,photos/20260329_122855.jpg,interior_cabin,baseline_walkaround,high,keep,component_group_not_reference,
20260329_122855_gp_B94NpLbg.jpg,photos/20260329_122855_gp_B94NpLbg.jpg,interior_cabin,baseline_walkaround,high,keep,component_group_not_reference,
20260331_030439_gp_Hm0ga9nQ.jpg,photos/20260331_030439_gp_Hm0ga9nQ.jpg,chassis_underside,underside_inspection,high,keep,keyword_car_match,
20260331_224409.jpg,photos/20260331_224409.jpg,chassis_underside,underside_inspection,high,keep,keyword_car_match,
20260331_224411_gp_xotdHr5w.jpg,photos/20260331_224411_gp_xotdHr5w.jpg,chassis_underside,underside_inspection,high,keep,keyword_car_match,
20260331_224415.jpg,photos/20260331_224415.jpg,chassis_underside,underside_inspection,high,keep,keyword_car_match,
20260331_224416_gp_HZ3sjkkA.jpg,photos/20260331_224416_gp_HZ3sjkkA.jpg,chassis_underside,underside_inspection,high,keep,keyword_car_match,
20260331_224423.jpg,photos/20260331_224423.jpg,chassis_underside,underside_inspection,high,keep,keyword_car_match,
20260331_224424_gp_whE84rpw.jpg,photos/20260331_224424_gp_whE84rpw.jpg,chassis_underside,underside_inspection,high,keep,keyword_car_match,
20260331_224428.jpg,photos/20260331_224428.jpg,chassis_underside,underside_inspection,high,keep,keyword_car_match,
20260331_224429_gp_4RQp2E6A.jpg,photos/20260331_224429_gp_4RQp2E6A.jpg,chassis_underside,underside_inspection,high,keep,keyword_car_match,
20260331_224431.jpg,photos/20260331_224431.jpg,chassis_underside,underside_inspection,high,keep,keyword_car_match,
20260331_224433_gp_2PUeZk7w.jpg,photos/20260331_224433_gp_2PUeZk7w.jpg,chassis_underside,underside_inspection,high,keep,keyword_car_match,
20260331_224436.jpg,photos/20260331_224436.jpg,chassis_underside,underside_inspection,high,keep,keyword_car_match,
20260331_224438_gp_0bs8KC2A.jpg,photos/20260331_224438_gp_0bs8KC2A.jpg,chassis_underside,underside_inspection,high,keep,keyword_car_match,
20260331_224439.jpg,photos/20260331_224439.jpg,chassis_underside,underside_inspection,high,keep,keyword_car_match,
20260331_224441_gp_gFInRo6Q.jpg,photos/20260331_224441_gp_gFInRo6Q.jpg,chassis_underside,underside_inspection,high,keep,keyword_car_match,
20260331_224442.jpg,photos/20260331_224442.jpg,chassis_underside,underside_inspection,high,keep,keyword_car_match,
20260331_224443_gp_jlw6aFUw.jpg,photos/20260331_224443_gp_jlw6aFUw.jpg,chassis_underside,underside_inspection,high,keep,keyword_car_match,
20260331_224445.jpg,photos/20260331_224445.jpg,chassis_underside,underside_inspection,high,keep,keyword_car_match,
20260331_224446_gp_jOLZmudg.jpg,photos/20260331_224446_gp_jOLZmudg.jpg,chassis_underside,underside_inspection,high,keep,keyword_car_match,
20260331_224452.jpg,photos/20260331_224452.jpg,chassis_underside,underside_inspection,high,keep,keyword_car_match,
20260331_224452_gp_VuNHBwZg.jpg,photos/20260331_224452_gp_VuNHBwZg.jpg,chassis_underside,underside_inspection,high,keep,keyword_car_match,
20260331_224459.jpg,photos/20260331_224459.jpg,chassis_underside,underside_inspection,high,keep,keyword_car_match,
20260331_224501_gp_FLnTBhyQ.jpg,photos/20260331_224501_gp_FLnTBhyQ.jpg,chassis_underside,underside_inspection,high,keep,keyword_car_match,
20260331_224905.jpg,photos/20260331_224905.jpg,chassis_underside,underside_inspection,high,keep,keyword_car_match,
20260331_224906_gp_kNRreMwg.jpg,photos/20260331_224906_gp_kNRreMwg.jpg,chassis_underside,underside_inspection,high,keep,keyword_car_match,
20260331_224908.jpg,photos/20260331_224908.jpg,chassis_underside,underside_inspection,high,keep,keyword_car_match,
20260331_224909_gp_ybAujInw.jpg,photos/20260331_224909_gp_ybAujInw.jpg,chassis_underside,underside_inspection,high,keep,keyword_car_match,
20260331_224911.jpg,photos/20260331_224911.jpg,chassis_underside,underside_inspection,high,keep,keyword_car_match,
20260331_224912_gp_ERzrS6gQ.jpg,photos/20260331_224912_gp_ERzrS6gQ.jpg,chassis_underside,underside_inspection,high,keep,keyword_car_match,
20260331_224927_gp_5hlhjfyg.jpg,photos/20260331_224927_gp_5hlhjfyg.jpg,chassis_underside,underside_inspection,high,keep,keyword_car_match,
20260331_224936.jpg,photos/20260331_224936.jpg,chassis_underside,underside_inspection,high,keep,keyword_car_match,
20260331_224938_gp_1XY68LJw.jpg,photos/20260331_224938_gp_1XY68LJw.jpg,chassis_underside,underside_inspection,high,keep,keyword_car_match,
20260331_231205.mp4,photos/20260331_231205.mp4,chassis_underside,underside_inspection,high,keep,keyword_car_match,
20260331_231214_gp_cunhnl9w.mp4,photos/20260331_231214_gp_cunhnl9w.mp4,chassis_underside,underside_inspection,high,keep,keyword_car_match,
20260331_232826.jpg,photos/20260331_232826.jpg,chassis_underside,underside_inspection,high,keep,keyword_car_match,
20260331_232827_gp_k7WmKFhA.jpg,photos/20260331_232827_gp_k7WmKFhA.jpg,chassis_underside,underside_inspection,high,keep,keyword_car_match,
20260331_232832.jpg,photos/20260331_232832.jpg,chassis_underside,underside_inspection,high,keep,keyword_car_match,
20260331_232834_gp_U8M9rGvg.jpg,photos/20260331_232834_gp_U8M9rGvg.jpg,chassis_underside,underside_inspection,high,keep,keyword_car_match,
20260331_233445.jpg,photos/20260331_233445.jpg,chassis_underside,underside_inspection,high,keep,keyword_car_match,
20260331_233447_gp_OcbgUcIA.jpg,photos/20260331_233447_gp_OcbgUcIA.jpg,chassis_underside,underside_inspection,high,keep,keyword_car_match,
20260401_111029_gp_6ebGjXdw.jpg,photos/20260401_111029_gp_6ebGjXdw.jpg,documentation_reference,reference_material,high,keep,reference_but_high_or_medium_confidence,
20260401_121730.jpg,photos/20260401_121730.jpg,documentation_reference,reference_material,high,keep,reference_but_high_or_medium_confidence,
20260401_121730_gp_Kjg7RE4g.jpg,photos/20260401_121730_gp_Kjg7RE4g.jpg,documentation_reference,reference_material,high,keep,reference_but_high_or_medium_confidence,
20260403_004136.jpg,photos/20260403_004136.jpg,procurement_inventory,procurement_reconciliation,high,keep,keyword_car_match,
20260403_004136_gp_K59gVoXw.jpg,photos/20260403_004136_gp_K59gVoXw.jpg,procurement_inventory,procurement_reconciliation,high,keep,keyword_car_match,
20260403_004142.jpg,photos/20260403_004142.jpg,procurement_inventory,procurement_reconciliation,high,keep,keyword_car_match,
20260403_004142_gp_2wmxtb3A.jpg,photos/20260403_004142_gp_2wmxtb3A.jpg,procurement_inventory,procurement_reconciliation,high,keep,keyword_car_match,
20260403_004145.jpg,photos/20260403_004145.jpg,procurement_inventory,procurement_reconciliation,high,keep,keyword_car_match,
20260403_004146_gp_eN3BHWzQ.jpg,photos/20260403_004146_gp_eN3BHWzQ.jpg,procurement_inventory,procurement_reconciliation,high,keep,keyword_car_match,
20260403_005051.jpg,photos/20260403_005051.jpg,procurement_inventory,procurement_reconciliation,high,keep,keyword_car_match,
20260403_005052_gp_F1otrVZA.jpg,photos/20260403_005052_gp_F1otrVZA.jpg,procurement_inventory,procurement_reconciliation,high,keep,keyword_car_match,
20260403_005101.jpg,photos/20260403_005101.jpg,procurement_inventory,procurement_reconciliation,high,keep,keyword_car_match,
20260403_005102_gp_5ND0cbQA.jpg,photos/20260403_005102_gp_5ND0cbQA.jpg,procurement_inventory,procurement_reconciliation,high,keep,keyword_car_match,
20260403_005107.jpg,photos/20260403_005107.jpg,procurement_inventory,procurement_reconciliation,high,keep,keyword_car_match,
20260403_005109_gp_ffAv1oWQ.jpg,photos/20260403_005109_gp_ffAv1oWQ.jpg,procurement_inventory,procurement_reconciliation,high,keep,keyword_car_match,
20260403_005113.jpg,photos/20260403_005113.jpg,procurement_inventory,procurement_reconciliation,high,keep,keyword_car_match,
20260403_005114_gp_muIt66Fw.jpg,photos/20260403_005114_gp_muIt66Fw.jpg,procurement_inventory,procurement_reconciliation,high,keep,keyword_car_match,
20260403_195524.jpg,photos/20260403_195524.jpg,procurement_inventory,procurement_reconciliation,high,keep,keyword_car_match,
20260403_195524_gp_vSsn2KuA.jpg,photos/20260403_195524_gp_vSsn2KuA.jpg,procurement_inventory,procurement_reconciliation,high,keep,keyword_car_match,
20260403_202319.jpg,photos/20260403_202319.jpg,procurement_inventory,procurement_reconciliation,high,keep,keyword_car_match,
20260403_202319_gp_dmuZGYEg.jpg,photos/20260403_202319_gp_dmuZGYEg.jpg,procurement_inventory,procurement_reconciliation,high,keep,keyword_car_match,
20260403_202907.jpg,photos/20260403_202907.jpg,documentation_reference,reference_material,high,keep,reference_but_high_or_medium_confidence,
20260403_202907_gp_CBoVlGVQ.jpg,photos/20260403_202907_gp_CBoVlGVQ.jpg,documentation_reference,reference_material,high,keep,reference_but_high_or_medium_confidence,
20260403_202920.jpg,photos/20260403_202920.jpg,documentation_reference,reference_material,high,keep,reference_but_high_or_medium_confidence,
20260403_202920_gp_WmvduRvQ.jpg,photos/20260403_202920_gp_WmvduRvQ.jpg,documentation_reference,reference_material,high,keep,reference_but_high_or_medium_confidence,
20260403_204222.jpg,photos/20260403_204222.jpg,procurement_inventory,procurement_reconciliation,high,keep,keyword_car_match,
20260403_204223_gp_TuNmq2PA.jpg,photos/20260403_204223_gp_TuNmq2PA.jpg,procurement_inventory,procurement_reconciliation,high,keep,keyword_car_match,
20260403_205909.jpg,photos/20260403_205909.jpg,procurement_inventory,procurement_reconciliation,high,keep,keyword_car_match,
20260403_205909_gp_BdIDB36A.jpg,photos/20260403_205909_gp_BdIDB36A.jpg,procurement_inventory,procurement_reconciliation,high,keep,keyword_car_match,
20260403_210548.jpg,photos/20260403_210548.jpg,procurement_inventory,procurement_reconciliation,high,keep,keyword_car_match,
20260403_210548_gp_lQR2yH2Q.jpg,photos/20260403_210548_gp_lQR2yH2Q.jpg,procurement_inventory,procurement_reconciliation,high,keep,keyword_car_match,
20260403_234817.jpg,photos/20260403_234817.jpg,procurement_inventory,procurement_reconciliation,high,keep,keyword_car_match,
20260403_234817_gp_83HD1ieg.jpg,photos/20260403_234817_gp_83HD1ieg.jpg,procurement_inventory,procurement_reconciliation,high,keep,keyword_car_match,
20260404_040022.jpg,photos/20260404_040022.jpg,procurement_inventory,procurement_reconciliation,high,keep,keyword_car_match,
20260404_040022_gp_E6EzzfuQ.jpg,photos/20260404_040022_gp_E6EzzfuQ.jpg,procurement_inventory,procurement_reconciliation,high,keep,keyword_car_match,
20260404_095833_gp_S7uQMzXA.jpg,photos/20260404_095833_gp_S7uQMzXA.jpg,procurement_inventory,procurement_reconciliation,high,keep,keyword_car_match,
20260404_095838_gp_oiOOHmHA.jpg,photos/20260404_095838_gp_oiOOHmHA.jpg,procurement_inventory,procurement_reconciliation,high,keep,keyword_car_match,
20260404_192608.jpg,photos/20260404_192608.jpg,procurement_inventory,procurement_reconciliation,high,keep,keyword_car_match,
20260404_192608_gp_GvlqkRrw.jpg,photos/20260404_192608_gp_GvlqkRrw.jpg,procurement_inventory,procurement_reconciliation,high,keep,keyword_car_match,
20260404_192614.jpg,photos/20260404_192614.jpg,procurement_inventory,procurement_reconciliation,high,keep,keyword_car_match,
20260404_192618.jpg,photos/20260404_192618.jpg,procurement_inventory,procurement_reconciliation,high,keep,keyword_car_match,
20260404_192619_gp_jsR1m0RQ.jpg,photos/20260404_192619_gp_jsR1m0RQ.jpg,procurement_inventory,procurement_reconciliation,high,keep,keyword_car_match,
20260405_010322.jpg,photos/20260405_010322.jpg,procurement_inventory,procurement_reconciliation,high,keep,keyword_car_match,
20260405_010322_gp_0chs4MQg.jpg,photos/20260405_010322_gp_0chs4MQg.jpg,procurement_inventory,procurement_reconciliation,high,keep,keyword_car_match,
20260405_234541.jpg,photos/20260405_234541.jpg,chassis_underside,underside_inspection,high,keep,keyword_car_match,
20260405_234542_gp_hucEa1CQ.jpg,photos/20260405_234542_gp_hucEa1CQ.jpg,chassis_underside,underside_inspection,medium,keep,keyword_car_match,
20260405_234546.jpg,photos/20260405_234546.jpg,chassis_underside,underside_inspection,high,keep,keyword_car_match,
20260405_234547_gp_3iX5cWQQ.jpg,photos/20260405_234547_gp_3iX5cWQQ.jpg,chassis_underside,underside_inspection,medium,keep,keyword_car_match,
20260405_234652.jpg,photos/20260405_234652.jpg,body_floor,rust_assessment,high,keep,keyword_car_match,
20260405_234654_gp_P3KYxxIA.jpg,photos/20260405_234654_gp_P3KYxxIA.jpg,chassis_underside,underside_inspection,medium,keep,keyword_car_match,
20260405_234802.jpg,photos/20260405_234802.jpg,chassis_underside,underside_inspection,medium,keep,keyword_car_match,
20260405_234811.jpg,photos/20260405_234811.jpg,chassis_underside,underside_inspection,high,keep,component_group_not_reference,
20260405_234812_gp_twNBeWvQ.jpg,photos/20260405_234812_gp_twNBeWvQ.jpg,chassis_underside,underside_inspection,medium,keep,keyword_car_match,
20260405_234839.jpg,photos/20260405_234839.jpg,chassis_underside,underside_inspection,medium,keep,keyword_car_match,
20260405_234840_gp_IoFfvLNw.jpg,photos/20260405_234840_gp_IoFfvLNw.jpg,chassis_underside,underside_inspection,medium,keep,keyword_car_match,
20260406_030839_gp_VYKBhRNA.jpg,photos/20260406_030839_gp_VYKBhRNA.jpg,chassis_underside,underside_inspection,high,keep,keyword_car_match,
20260406_030955.jpg,photos/20260406_030955.jpg,chassis_underside,underside_inspection,high,keep,keyword_car_match,
20260406_030958_gp_Zt93jqLQ.jpg,photos/20260406_030958_gp_Zt93jqLQ.jpg,chassis_underside,underside_inspection,high,keep,keyword_car_match,
20260406_031010.jpg,photos/20260406_031010.jpg,chassis_underside,underside_inspection,high,keep,keyword_car_match,
20260406_031013_gp_Rlzc9rXQ.jpg,photos/20260406_031013_gp_Rlzc9rXQ.jpg,chassis_underside,underside_inspection,high,keep,keyword_car_match,
20260408_211754.jpg,photos/20260408_211754.jpg,removable_panels,hardware_refinish,high,keep,keyword_car_match,
20260408_211756_gp_UFEU6uIA.jpg,photos/20260408_211756_gp_UFEU6uIA.jpg,removable_panels,hardware_refinish,high,keep,keyword_car_match,
20260408_211804.jpg,photos/20260408_211804.jpg,removable_panels,hardware_refinish,high,keep,keyword_car_match,
20260408_211806_gp_TbbCJsoQ.jpg,photos/20260408_211806_gp_TbbCJsoQ.jpg,removable_panels,hardware_refinish,high,keep,keyword_car_match,
20260408_211812.jpg,photos/20260408_211812.jpg,removable_panels,hardware_refinish,high,keep,keyword_car_match,
20260408_211814_gp_hJ3szRKQ.jpg,photos/20260408_211814_gp_hJ3szRKQ.jpg,removable_panels,hardware_refinish,high,keep,keyword_car_match,
20260408_212832.jpg,photos/20260408_212832.jpg,window_hardware,hardware_refinish,high,keep,component_group_not_reference,
20260408_212835_gp_nwY1TOwQ.jpg,photos/20260408_212835_gp_nwY1TOwQ.jpg,removable_panels,hardware_refinish,high,keep,keyword_car_match,
20260408_212839.jpg,photos/20260408_212839.jpg,removable_panels,hardware_refinish,high,keep,keyword_car_match,
20260408_212841_gp_y9GxLOZg.jpg,photos/20260408_212841_gp_y9GxLOZg.jpg,removable_panels,hardware_refinish,high,keep,keyword_car_match,
20260408_212846.jpg,photos/20260408_212846.jpg,removable_panels,hardware_refinish,high,keep,keyword_car_match,
20260408_212849_gp_VJjse8gw.jpg,photos/20260408_212849_gp_VJjse8gw.jpg,removable_panels,hardware_refinish,high,keep,keyword_car_match,
20260410_013927.jpg,photos/20260410_013927.jpg,procurement_inventory,procurement_reconciliation,high,keep,keyword_car_match,
20260410_013928_gp_rqj3LuUw.jpg,photos/20260410_013928_gp_rqj3LuUw.jpg,procurement_inventory,procurement_reconciliation,high,keep,keyword_car_match,
20260410_022406.jpg,photos/20260410_022406.jpg,procurement_inventory,procurement_reconciliation,high,keep,keyword_car_match,
20260410_022406_gp_WYXg14Mg.jpg,photos/20260410_022406_gp_WYXg14Mg.jpg,procurement_inventory,procurement_reconciliation,high,keep,keyword_car_match,
20260410_031722.jpg,photos/20260410_031722.jpg,procurement_inventory,procurement_reconciliation,high,keep,keyword_car_match,
20260410_031723_gp_NA7IGHnA.jpg,photos/20260410_031723_gp_NA7IGHnA.jpg,procurement_inventory,procurement_reconciliation,high,keep,keyword_car_match,
20260410_031735.jpg,photos/20260410_031735.jpg,procurement_inventory,procurement_reconciliation,high,keep,keyword_car_match,
20260410_031735_gp_kiTH5tGA.jpg,photos/20260410_031735_gp_kiTH5tGA.jpg,procurement_inventory,procurement_reconciliation,high,keep,keyword_car_match,
20260410_031744.jpg,photos/20260410_031744.jpg,procurement_inventory,procurement_reconciliation,high,keep,keyword_car_match,
20260410_031744_gp_30vw5Qdg.jpg,photos/20260410_031744_gp_30vw5Qdg.jpg,procurement_inventory,procurement_reconciliation,high,keep,keyword_car_match,
20260410_031815.jpg,photos/20260410_031815.jpg,procurement_inventory,procurement_reconciliation,high,keep,keyword_car_match,
20260410_031816_gp_cR0vVAUg.jpg,photos/20260410_031816_gp_cR0vVAUg.jpg,procurement_inventory,procurement_reconciliation,high,keep,keyword_car_match,
20260410_152224.jpg,photos/20260410_152224.jpg,procurement_inventory,procurement_reconciliation,high,keep,keyword_car_match,
20260410_152224_gp_Si6xm2xQ.jpg,photos/20260410_152224_gp_Si6xm2xQ.jpg,procurement_inventory,procurement_reconciliation,high,keep,keyword_car_match,
20260410_152230.jpg,photos/20260410_152230.jpg,procurement_inventory,procurement_reconciliation,high,keep,keyword_car_match,
20260410_152230_gp_tEpRYrgw.jpg,photos/20260410_152230_gp_tEpRYrgw.jpg,procurement_inventory,procurement_reconciliation,high,keep,keyword_car_match,
20260410_152241.jpg,photos/20260410_152241.jpg,procurement_inventory,procurement_reconciliation,high,keep,keyword_car_match,
20260410_152241_gp_aPA056wg.jpg,photos/20260410_152241_gp_aPA056wg.jpg,procurement_inventory,procurement_reconciliation,high,keep,keyword_car_match,
20260410_152246.jpg,photos/20260410_152246.jpg,procurement_inventory,procurement_reconciliation,high,keep,keyword_car_match,
20260410_152246_gp_1F9KqbNg.jpg,photos/20260410_152246_gp_1F9KqbNg.jpg,procurement_inventory,procurement_reconciliation,high,keep,keyword_car_match,
20260410_152305.jpg,photos/20260410_152305.jpg,procurement_inventory,procurement_reconciliation,high,keep,keyword_car_match,
20260410_152305_gp_VY7q0OAg.jpg,photos/20260410_152305_gp_VY7q0OAg.jpg,procurement_inventory,procurement_reconciliation,high,keep,keyword_car_match,
20260410_161521.jpg,photos/20260410_161521.jpg,procurement_inventory,procurement_reconciliation,high,keep,keyword_car_match,
20260410_161521_gp_OdsV8Jfg.jpg,photos/20260410_161521_gp_OdsV8Jfg.jpg,procurement_inventory,procurement_reconciliation,high,keep,keyword_car_match,
20260410_161558.jpg,photos/20260410_161558.jpg,procurement_inventory,procurement_reconciliation,high,keep,keyword_car_match,
20260410_161558_gp_3odCNgEQ.jpg,photos/20260410_161558_gp_3odCNgEQ.jpg,procurement_inventory,procurement_reconciliation,high,keep,keyword_car_match,
20260410_161919.jpg,photos/20260410_161919.jpg,procurement_inventory,procurement_reconciliation,high,keep,keyword_car_match,
20260410_161919_gp_xnE3W9nQ.jpg,photos/20260410_161919_gp_xnE3W9nQ.jpg,procurement_inventory,procurement_reconciliation,high,keep,keyword_car_match,
20260410_171211.jpg,photos/20260410_171211.jpg,procurement_inventory,procurement_reconciliation,high,keep,keyword_car_match,
20260410_171211_gp_Uu2biaEA.jpg,photos/20260410_171211_gp_Uu2biaEA.jpg,procurement_inventory,procurement_reconciliation,high,keep,keyword_car_match,
20260410_181010_gp_ERldjiWQ.jpg,photos/20260410_181010_gp_ERldjiWQ.jpg,procurement_inventory,procurement_reconciliation,high,keep,keyword_car_match,
20260410_181110_gp_GeFF0hyg.jpg,photos/20260410_181110_gp_GeFF0hyg.jpg,procurement_inventory,procurement_reconciliation,high,keep,keyword_car_match,
20260410_181117_gp_VkazaU8g.jpg,photos/20260410_181117_gp_VkazaU8g.jpg,procurement_inventory,procurement_reconciliation,high,keep,keyword_car_match,
20260410_181127_gp_JYj0kBtA.jpg,photos/20260410_181127_gp_JYj0kBtA.jpg,procurement_inventory,procurement_reconciliation,high,keep,keyword_car_match,
20260410_181145_gp_trqziD9w.jpg,photos/20260410_181145_gp_trqziD9w.jpg,procurement_inventory,procurement_reconciliation,high,keep,keyword_car_match,
20260410_181153_gp_qrlIG9Jg.jpg,photos/20260410_181153_gp_qrlIG9Jg.jpg,procurement_inventory,procurement_reconciliation,high,keep,keyword_car_match,
20260410_182349_gp_GkTmsROg.jpg,photos/20260410_182349_gp_GkTmsROg.jpg,procurement_inventory,procurement_reconciliation,high,keep,keyword_car_match,
20260410_182424_gp_48iqI43w.jpg,photos/20260410_182424_gp_48iqI43w.jpg,procurement_inventory,procurement_reconciliation,high,keep,keyword_car_match,
20260410_182733_gp_53YGQ88w.jpg,photos/20260410_182733_gp_53YGQ88w.jpg,procurement_inventory,procurement_reconciliation,high,keep,keyword_car_match,
20260410_182825_gp_Sma4A1tw.jpg,photos/20260410_182825_gp_Sma4A1tw.jpg,procurement_inventory,procurement_reconciliation,high,keep,keyword_car_match,
20260410_183145_gp_8T8rNHbA.jpg,photos/20260410_183145_gp_8T8rNHbA.jpg,procurement_inventory,procurement_reconciliation,high,keep,keyword_car_match,
20260410_183545_gp_6REyweSw.jpg,photos/20260410_183545_gp_6REyweSw.jpg,procurement_inventory,procurement_reconciliation,high,keep,keyword_car_match,
20260410_184310_gp_iUReC6rw.jpg,photos/20260410_184310_gp_iUReC6rw.jpg,procurement_inventory,procurement_reconciliation,high,keep,keyword_car_match,
20260410_184352_gp_EonAOl1Q.jpg,photos/20260410_184352_gp_EonAOl1Q.jpg,procurement_inventory,procurement_reconciliation,high,keep,keyword_car_match,
20260410_185317_gp_ZE6FscRQ.jpg,photos/20260410_185317_gp_ZE6FscRQ.jpg,procurement_inventory,procurement_reconciliation,high,keep,keyword_car_match,
20260410_185326_gp_sU4VoiEw.jpg,photos/20260410_185326_gp_sU4VoiEw.jpg,procurement_inventory,procurement_reconciliation,high,keep,keyword_car_match,
20260410_185330.jpg,photos/20260410_185330.jpg,procurement_inventory,procurement_reconciliation,high,keep,keyword_car_match,
20260410_185331_gp_1xsXqb1w.jpg,photos/20260410_185331_gp_1xsXqb1w.jpg,procurement_inventory,procurement_reconciliation,high,keep,keyword_car_match,
20260410_185919.jpg,photos/20260410_185919.jpg,procurement_inventory,procurement_reconciliation,high,keep,keyword_car_match,
20260410_185920_gp_5azmXxKA.jpg,photos/20260410_185920_gp_5azmXxKA.jpg,procurement_inventory,procurement_reconciliation,high,keep,keyword_car_match,
20260410_201518_gp_cmbHWXsQ.jpg,photos/20260410_201518_gp_cmbHWXsQ.jpg,procurement_inventory,procurement_reconciliation,high,keep,keyword_car_match,
20260410_202220_gp_U3QfMT6Q.jpg,photos/20260410_202220_gp_U3QfMT6Q.jpg,procurement_inventory,procurement_reconciliation,high,keep,keyword_car_match,
20260410_202224_gp_WdlDKm8Q.jpg,photos/20260410_202224_gp_WdlDKm8Q.jpg,procurement_inventory,procurement_reconciliation,high,keep,keyword_car_match,
20260410_202228_gp_oYEtAYJQ.jpg,photos/20260410_202228_gp_oYEtAYJQ.jpg,procurement_inventory,procurement_reconciliation,high,keep,keyword_car_match,
20260410_202235.jpg,photos/20260410_202235.jpg,procurement_inventory,procurement_reconciliation,high,keep,keyword_car_match,
20260410_202237_gp_3ukqdjnQ.jpg,photos/20260410_202237_gp_3ukqdjnQ.jpg,procurement_inventory,procurement_reconciliation,high,keep,keyword_car_match,
20260410_212304.jpg,photos/20260410_212304.jpg,procurement_inventory,procurement_reconciliation,high,keep,keyword_car_match,
20260410_212305_gp_OSz8RLcQ.jpg,photos/20260410_212305_gp_OSz8RLcQ.jpg,procurement_inventory,procurement_reconciliation,high,keep,keyword_car_match,
20260410_230522.jpg,photos/20260410_230522.jpg,procurement_inventory,procurement_reconciliation,high,keep,keyword_car_match,
20260410_230524_gp_6KKNNmDA.jpg,photos/20260410_230524_gp_6KKNNmDA.jpg,procurement_inventory,procurement_reconciliation,high,keep,keyword_car_match,
20260410_230527.jpg,photos/20260410_230527.jpg,procurement_inventory,procurement_reconciliation,high,keep,keyword_car_match,
20260410_230529_gp_S6Puwnqg.jpg,photos/20260410_230529_gp_S6Puwnqg.jpg,procurement_inventory,procurement_reconciliation,high,keep,keyword_car_match,
20260411_065030.jpg,photos/20260411_065030.jpg,procurement_inventory,procurement_reconciliation,high,keep,component_group_not_reference,
20260411_065032_gp_nShQBqwA.jpg,photos/20260411_065032_gp_nShQBqwA.jpg,procurement_inventory,procurement_reconciliation,high,keep,component_group_not_reference,
20260411_071153.jpg,photos/20260411_071153.jpg,procurement_inventory,procurement_reconciliation,high,keep,component_group_not_reference,
20260411_071155_gp_vFGJ415w.jpg,photos/20260411_071155_gp_vFGJ415w.jpg,procurement_inventory,procurement_reconciliation,high,keep,component_group_not_reference,
20260411_071157.jpg,photos/20260411_071157.jpg,procurement_inventory,procurement_reconciliation,high,keep,component_group_not_reference,
20260411_071159_gp_3matxuBg.jpg,photos/20260411_071159_gp_3matxuBg.jpg,procurement_inventory,procurement_reconciliation,high,keep,component_group_not_reference,
20260411_143125.jpg,photos/20260411_143125.jpg,procurement_inventory,procurement_reconciliation,high,keep,component_group_not_reference,
20260411_143127_gp_ZKLRVwVw.jpg,photos/20260411_143127_gp_ZKLRVwVw.jpg,procurement_inventory,procurement_reconciliation,high,keep,component_group_not_reference,
20260411_143135.jpg,photos/20260411_143135.jpg,procurement_inventory,procurement_reconciliation,high,keep,component_group_not_reference,
20260411_143136_gp_jEpok4ng.jpg,photos/20260411_143136_gp_jEpok4ng.jpg,procurement_inventory,procurement_reconciliation,high,keep,component_group_not_reference,
20260411_143141.jpg,photos/20260411_143141.jpg,procurement_inventory,procurement_reconciliation,high,keep,component_group_not_reference,
20260411_143143_gp_kXn8JZ0w.jpg,photos/20260411_143143_gp_kXn8JZ0w.jpg,procurement_inventory,procurement_reconciliation,high,keep,component_group_not_reference,
20260411_220207.jpg,photos/20260411_220207.jpg,chassis_underside,underside_inspection,high,keep,keyword_car_match,
20260411_220210_gp_YR8onehw.jpg,photos/20260411_220210_gp_YR8onehw.jpg,procurement_inventory,procurement_reconciliation,high,keep,component_group_not_reference,
20260411_220214.jpg,photos/20260411_220214.jpg,chassis_underside,underside_inspection,high,keep,keyword_car_match,
20260411_220217_gp_dpH3Q75A.jpg,photos/20260411_220217_gp_dpH3Q75A.jpg,procurement_inventory,procurement_reconciliation,high,keep,component_group_not_reference,
20260412_010623.jpg,photos/20260412_010623.jpg,removable_panels,hardware_refinish,medium,keep,component_group_not_reference,
20260412_010626_gp_4bK3TOAg.jpg,photos/20260412_010626_gp_4bK3TOAg.jpg,removable_panels,hardware_refinish,high,keep,component_group_not_reference,
20260412_010633.jpg,photos/20260412_010633.jpg,removable_panels,hardware_refinish,high,keep,component_group_not_reference,
20260412_010635_gp_rhjZ65YA.jpg,photos/20260412_010635_gp_rhjZ65YA.jpg,removable_panels,hardware_refinish,high,keep,component_group_not_reference,
20260412_010644.jpg,photos/20260412_010644.jpg,removable_panels,hardware_refinish,high,keep,component_group_not_reference,
20260412_010646_gp_vrcJK3ow.jpg,photos/20260412_010646_gp_vrcJK3ow.jpg,removable_panels,hardware_refinish,high,keep,component_group_not_reference,
20260412_010652.jpg,photos/20260412_010652.jpg,removable_panels,hardware_refinish,high,keep,component_group_not_reference,
20260412_010653_gp_jaxzr7Eg.jpg,photos/20260412_010653_gp_jaxzr7Eg.jpg,removable_panels,hardware_refinish,high,keep,component_group_not_reference,
20260412_010657.jpg,photos/20260412_010657.jpg,removable_panels,hardware_refinish,high,keep,component_group_not_reference,
20260412_010659_gp_6XtGS3yA.jpg,photos/20260412_010659_gp_6XtGS3yA.jpg,removable_panels,hardware_refinish,high,keep,component_group_not_reference,
20260412_010713.jpg,photos/20260412_010713.jpg,removable_panels,hardware_refinish,high,keep,component_group_not_reference,
20260412_010714_gp_EVZz4yGw.jpg,photos/20260412_010714_gp_EVZz4yGw.jpg,removable_panels,hardware_refinish,high,keep,component_group_not_reference,
20260412_215049_gp_gEiIZKzg.jpg,photos/20260412_215049_gp_gEiIZKzg.jpg,removable_panels,hardware_refinish,high,keep,component_group_not_reference,
20260412_215136.jpg,photos/20260412_215136.jpg,engine_bay,stripdown_cataloguing,high,keep,keyword_car_match,
20260412_215138_gp_F42aBJGg.jpg,photos/20260412_215138_gp_F42aBJGg.jpg,removable_panels,hardware_refinish,high,keep,component_group_not_reference,
20260412_215152.jpg,photos/20260412_215152.jpg,engine_bay,stripdown_cataloguing,high,keep,keyword_car_match,
20260412_215154_gp_hDRTkV1A.jpg,photos/20260412_215154_gp_hDRTkV1A.jpg,removable_panels,hardware_refinish,high,keep,component_group_not_reference,
20260412_223216.jpg,photos/20260412_223216.jpg,body_exterior,removed_parts_cataloguing,high,keep,component_group_not_reference,
20260412_223218_gp_fqniQhNQ.jpg,photos/20260412_223218_gp_fqniQhNQ.jpg,removable_panels,hardware_refinish,high,keep,component_group_not_reference,
20260412_223534.jpg,photos/20260412_223534.jpg,body_exterior,hardware_refinish,high,keep,component_group_not_reference,
20260412_223537_gp_kVu8OFJA.jpg,photos/20260412_223537_gp_kVu8OFJA.jpg,removable_panels,hardware_refinish,high,keep,component_group_not_reference,
20260412_223539.jpg,photos/20260412_223539.jpg,body_exterior,hardware_refinish,high,keep,keyword_car_match,
20260412_223541_gp_QFRecOgQ.jpg,photos/20260412_223541_gp_QFRecOgQ.jpg,removable_panels,hardware_refinish,high,keep,component_group_not_reference,
20260413_005435.jpg,photos/20260413_005435.jpg,body_floor,rust_assessment,high,keep,keyword_car_match,
20260413_005437_gp_84WzM92A.jpg,photos/20260413_005437_gp_84WzM92A.jpg,body_floor,rust_assessment,high,keep,keyword_car_match,
20260413_005516.jpg,photos/20260413_005516.jpg,body_floor,rust_assessment,high,keep,keyword_car_match,
20260413_005520_gp_cPf1PDAg.jpg,photos/20260413_005520_gp_cPf1PDAg.jpg,body_floor,rust_assessment,high,keep,keyword_car_match,
20260413_005523.jpg,photos/20260413_005523.jpg,body_floor,rust_assessment,high,keep,keyword_car_match,
20260413_005526_gp_ZYnYrDDg.jpg,photos/20260413_005526_gp_ZYnYrDDg.jpg,body_floor,rust_assessment,high,keep,keyword_car_match,
20260413_005529.jpg,photos/20260413_005529.jpg,body_floor,rust_assessment,high,keep,keyword_car_match,
20260413_005531_gp_5VurJvdg.jpg,photos/20260413_005531_gp_5VurJvdg.jpg,body_floor,rust_assessment,high,keep,keyword_car_match,
20260413_005533.jpg,photos/20260413_005533.jpg,body_floor,rust_assessment,high,keep,keyword_car_match,
20260413_005536_gp_uRDvn2kA.jpg,photos/20260413_005536_gp_uRDvn2kA.jpg,body_floor,rust_assessment,high,keep,keyword_car_match,
20260413_005539.jpg,photos/20260413_005539.jpg,body_floor,rust_assessment,high,keep,keyword_car_match,
20260413_005541_gp_VqPVagSA.jpg,photos/20260413_005541_gp_VqPVagSA.jpg,body_floor,rust_assessment,high,keep,keyword_car_match,
20260413_005544.jpg,photos/20260413_005544.jpg,body_floor,rust_assessment,high,keep,keyword_car_match,
20260413_005546_gp_glIC58mQ.jpg,photos/20260413_005546_gp_glIC58mQ.jpg,body_floor,rust_assessment,high,keep,keyword_car_match,
20260413_005548.jpg,photos/20260413_005548.jpg,body_floor,rust_assessment,high,keep,keyword_car_match,
20260413_005551_gp_y6PbqNVQ.jpg,photos/20260413_005551_gp_y6PbqNVQ.jpg,body_floor,rust_assessment,high,keep,keyword_car_match,
20260413_005553.jpg,photos/20260413_005553.jpg,body_floor,rust_assessment,high,keep,keyword_car_match,
20260413_005556_gp_mETmRUJA.jpg,photos/20260413_005556_gp_mETmRUJA.jpg,body_floor,rust_assessment,high,keep,keyword_car_match,
20260413_005558.jpg,photos/20260413_005558.jpg,body_floor,rust_assessment,high,keep,keyword_car_match,
20260413_005601_gp_E3YGYWYA.jpg,photos/20260413_005601_gp_E3YGYWYA.jpg,body_floor,rust_assessment,high,keep,keyword_car_match,
20260413_010015_gp_MojZAWnA.jpg,photos/20260413_010015_gp_MojZAWnA.jpg,body_floor,rust_assessment,high,keep,keyword_car_match,
20260413_011132.jpg,photos/20260413_011132.jpg,body_floor,rust_assessment,high,keep,keyword_car_match,
20260413_011134_gp_9vemLPAg.jpg,photos/20260413_011134_gp_9vemLPAg.jpg,body_floor,rust_assessment,high,keep,keyword_car_match,
20260413_011158.jpg,photos/20260413_011158.jpg,body_floor,rust_assessment,high,keep,keyword_car_match,
20260413_011201_gp_MCfZNiqw.jpg,photos/20260413_011201_gp_MCfZNiqw.jpg,body_floor,rust_assessment,high,keep,keyword_car_match,
20260413_040659.jpg,photos/20260413_040659.jpg,body_floor,stripdown_cataloguing,high,keep,keyword_car_match,
20260413_040700_gp_uZTDVpIw.jpg,photos/20260413_040700_gp_uZTDVpIw.jpg,body_floor,rust_assessment,high,keep,keyword_car_match,
20260413_040719.jpg,photos/20260413_040719.jpg,interior_cabin,stripdown_cataloguing,high,keep,keyword_car_match,
20260413_040720_gp_ustXUBqQ.jpg,photos/20260413_040720_gp_ustXUBqQ.jpg,body_floor,rust_assessment,high,keep,keyword_car_match,
20260413_040739.jpg,photos/20260413_040739.jpg,engine_bay,stripdown_cataloguing,high,keep,keyword_car_match,
20260413_040741_gp_qaN1goSg.jpg,photos/20260413_040741_gp_qaN1goSg.jpg,body_floor,rust_assessment,high,keep,keyword_car_match,
20260414_000833_gp_7PzMcRKw.jpg,photos/20260414_000833_gp_7PzMcRKw.jpg,documentation_reference,reference_material,low,flagged_non_car,reference_low_confidence,
20260417_000213_gp_Fb3CsGNw.mp4,photos/20260417_000213_gp_Fb3CsGNw.mp4,documentation_reference,reference_material,low,flagged_non_car,reference_low_confidence,
20260417_001245_gp_DAdHbluw.jpg,photos/20260417_001245_gp_DAdHbluw.jpg,documentation_reference,reference_material,low,flagged_non_car,reference_low_confidence,
20260419_190643_gp_UM5SilTQ.jpg,photos/20260419_190643_gp_UM5SilTQ.jpg,body_exterior,stripdown_cataloguing,medium,keep,keyword_car_match,
20260419_190654_gp_1EaxkrUA.jpg,photos/20260419_190654_gp_1EaxkrUA.jpg,body_exterior,stripdown_cataloguing,medium,keep,keyword_car_match,
20260419_190707_gp_WCc87lEg.jpg,photos/20260419_190707_gp_WCc87lEg.jpg,body_exterior,stripdown_cataloguing,medium,keep,keyword_car_match,
20260419_190736_gp_ymvXBmNA.jpg,photos/20260419_190736_gp_ymvXBmNA.jpg,body_exterior,stripdown_cataloguing,medium,keep,keyword_car_match,
20260419_190741_gp_C3FddI9g.jpg,photos/20260419_190741_gp_C3FddI9g.jpg,body_exterior,stripdown_cataloguing,medium,keep,keyword_car_match,
20260419_190749_gp_AtrQSXHA.jpg,photos/20260419_190749_gp_AtrQSXHA.jpg,body_exterior,stripdown_cataloguing,medium,keep,keyword_car_match,
20260419_190806_gp_9yVHtwgA.jpg,photos/20260419_190806_gp_9yVHtwgA.jpg,body_exterior,stripdown_cataloguing,medium,keep,keyword_car_match,
20260419_195946_gp_9VNxVqNA.jpg,photos/20260419_195946_gp_9VNxVqNA.jpg,body_exterior,stripdown_cataloguing,medium,keep,keyword_car_match,
20260419_195953_gp_jcuNBa7A.jpg,photos/20260419_195953_gp_jcuNBa7A.jpg,body_exterior,stripdown_cataloguing,medium,keep,keyword_car_match,
20260419_200010_gp_Ji1aE9VA.jpg,photos/20260419_200010_gp_Ji1aE9VA.jpg,body_exterior,stripdown_cataloguing,medium,keep,keyword_car_match,
20260419_215643_gp_FrpBYfhg.jpg,photos/20260419_215643_gp_FrpBYfhg.jpg,body_exterior,stripdown_cataloguing,medium,keep,keyword_car_match,
20260419_233447_gp_PoxOLWzA.jpg,photos/20260419_233447_gp_PoxOLWzA.jpg,body_exterior,stripdown_cataloguing,medium,keep,keyword_car_match,
20260419_233453_gp_22sPjt7w.jpg,photos/20260419_233453_gp_22sPjt7w.jpg,body_exterior,stripdown_cataloguing,medium,keep,keyword_car_match,
20260419_233459_gp_97cE5SDg.jpg,photos/20260419_233459_gp_97cE5SDg.jpg,body_exterior,stripdown_cataloguing,medium,keep,keyword_car_match,
20260419_233503_gp_ou2QmOlg.jpg,photos/20260419_233503_gp_ou2QmOlg.jpg,body_exterior,stripdown_cataloguing,medium,keep,keyword_car_match,
20260419_233509_gp_wSi4jvkg.jpg,photos/20260419_233509_gp_wSi4jvkg.jpg,body_exterior,stripdown_cataloguing,medium,keep,keyword_car_match,
20260419_233533_gp_iCh0ufxg.jpg,photos/20260419_233533_gp_iCh0ufxg.jpg,body_exterior,stripdown_cataloguing,medium,keep,keyword_car_match,
20260419_233537_gp_wOyhz5Ig.jpg,photos/20260419_233537_gp_wOyhz5Ig.jpg,body_exterior,stripdown_cataloguing,medium,keep,keyword_car_match,
20260419_233542_gp_J2L6BBTA.jpg,photos/20260419_233542_gp_J2L6BBTA.jpg,body_exterior,stripdown_cataloguing,medium,keep,keyword_car_match,
20260419_233546_gp_DwTmyUjg.jpg,photos/20260419_233546_gp_DwTmyUjg.jpg,body_exterior,stripdown_cataloguing,medium,keep,keyword_car_match,
20260419_233554_gp_deY3Bp1Q.jpg,photos/20260419_233554_gp_deY3Bp1Q.jpg,body_exterior,stripdown_cataloguing,medium,keep,keyword_car_match,
20260419_233557_gp_tRTGMCkA.jpg,photos/20260419_233557_gp_tRTGMCkA.jpg,body_exterior,stripdown_cataloguing,medium,keep,keyword_car_match,
20260419_233600_gp_RtAlGhiw.jpg,photos/20260419_233600_gp_RtAlGhiw.jpg,body_exterior,stripdown_cataloguing,medium,keep,keyword_car_match,
20260419_233604_gp_w2RGeSDw.jpg,photos/20260419_233604_gp_w2RGeSDw.jpg,body_exterior,stripdown_cataloguing,medium,keep,keyword_car_match,
20260419_233611_gp_ZTzlGIBQ.jpg,photos/20260419_233611_gp_ZTzlGIBQ.jpg,body_exterior,stripdown_cataloguing,medium,keep,keyword_car_match,
20260419_233615_gp_x1gw9yjQ.jpg,photos/20260419_233615_gp_x1gw9yjQ.jpg,body_exterior,stripdown_cataloguing,medium,keep,keyword_car_match,
20260419_233618_gp_LfqYop9Q.jpg,photos/20260419_233618_gp_LfqYop9Q.jpg,body_exterior,stripdown_cataloguing,medium,keep,keyword_car_match,
20260419_233624_gp_kOmMmuGA.jpg,photos/20260419_233624_gp_kOmMmuGA.jpg,body_exterior,stripdown_cataloguing,medium,keep,keyword_car_match,
20260419_233632_gp_2f83Gurw.jpg,photos/20260419_233632_gp_2f83Gurw.jpg,body_exterior,stripdown_cataloguing,medium,keep,keyword_car_match,
20260419_233644_gp_soVo9bOg.jpg,photos/20260419_233644_gp_soVo9bOg.jpg,body_exterior,stripdown_cataloguing,medium,keep,keyword_car_match,
20260420_005132_gp_MgOMVKpQ.jpeg,photos/20260420_005132_gp_MgOMVKpQ.jpeg,engine_bay,stripdown_cataloguing,medium,keep,keyword_car_match,
20260420_005143_gp_5JtjMOoA.jpeg,photos/20260420_005143_gp_5JtjMOoA.jpeg,engine_bay,stripdown_cataloguing,medium,keep,keyword_car_match,
20260420_005201_gp_WEoLBuzQ.jpeg,photos/20260420_005201_gp_WEoLBuzQ.jpeg,engine_bay,stripdown_cataloguing,medium,keep,keyword_car_match,
20260420_005240_gp_2gDmDYfQ.jpeg,photos/20260420_005240_gp_2gDmDYfQ.jpeg,engine_bay,stripdown_cataloguing,medium,keep,keyword_car_match,
20260420_010535_gp_r3KU0Asw.jpg,photos/20260420_010535_gp_r3KU0Asw.jpg,engine_bay,stripdown_cataloguing,medium,keep,keyword_car_match,
20260420_013423_gp_albazLaw.jpeg,photos/20260420_013423_gp_albazLaw.jpeg,engine_bay,stripdown_cataloguing,medium,keep,keyword_car_match,
20260420_013526_gp_WY73IuyA.jpeg,photos/20260420_013526_gp_WY73IuyA.jpeg,engine_bay,stripdown_cataloguing,medium,keep,keyword_car_match,
20260420_013551_gp_Wytz9EgQ.jpeg,photos/20260420_013551_gp_Wytz9EgQ.jpeg,engine_bay,stripdown_cataloguing,medium,keep,keyword_car_match,
20260420_021209_gp_udHV0fWQ.jpg,photos/20260420_021209_gp_udHV0fWQ.jpg,engine_bay,stripdown_cataloguing,medium,keep,keyword_car_match,
20260420_021220_gp_ayZTz1yA.jpg,photos/20260420_021220_gp_ayZTz1yA.jpg,engine_bay,stripdown_cataloguing,medium,keep,keyword_car_match,
20260420_021227_gp_iHBRfJDA.jpg,photos/20260420_021227_gp_iHBRfJDA.jpg,engine_bay,stripdown_cataloguing,medium,keep,keyword_car_match,
20260420_021237_gp_dXycbsEg.jpg,photos/20260420_021237_gp_dXycbsEg.jpg,engine_bay,stripdown_cataloguing,medium,keep,keyword_car_match,
20260420_021610_gp_zVUpSdRQ.jpg,photos/20260420_021610_gp_zVUpSdRQ.jpg,engine_bay,stripdown_cataloguing,medium,keep,keyword_car_match,
20260420_021622_gp_jcdpj1IA.jpg,photos/20260420_021622_gp_jcdpj1IA.jpg,engine_bay,stripdown_cataloguing,medium,keep,keyword_car_match,
20260420_030627_gp_JZ5qBIdQ.jpg,photos/20260420_030627_gp_JZ5qBIdQ.jpg,engine_bay,stripdown_cataloguing,medium,keep,keyword_car_match,
20260420_030629_gp_A1t3Gmsg.jpg,photos/20260420_030629_gp_A1t3Gmsg.jpg,engine_bay,stripdown_cataloguing,medium,keep,keyword_car_match,
20260420_030629_gp_lK9WcHoQ.jpg,photos/20260420_030629_gp_lK9WcHoQ.jpg,engine_bay,stripdown_cataloguing,medium,keep,keyword_car_match,
20260420_030630_gp_DaGovutA.jpg,photos/20260420_030630_gp_DaGovutA.jpg,engine_bay,stripdown_cataloguing,medium,keep,keyword_car_match,
20260420_030630_gp_PEicaJwA.jpg,photos/20260420_030630_gp_PEicaJwA.jpg,engine_bay,stripdown_cataloguing,medium,keep,keyword_car_match,
20260420_030630_gp_quMzyJPQ.jpg,photos/20260420_030630_gp_quMzyJPQ.jpg,engine_bay,stripdown_cataloguing,medium,keep,keyword_car_match,
20260420_030631_gp_iDWYrl3A.jpg,photos/20260420_030631_gp_iDWYrl3A.jpg,engine_bay,stripdown_cataloguing,medium,keep,keyword_car_match,
20260420_030631_gp_u2nEsyAw.jpg,photos/20260420_030631_gp_u2nEsyAw.jpg,engine_bay,stripdown_cataloguing,medium,keep,keyword_car_match,
20260420_030631_gp_ZpcUSSzA.jpg,photos/20260420_030631_gp_ZpcUSSzA.jpg,engine_bay,stripdown_cataloguing,medium,keep,keyword_car_match,
20260420_030632_gp_DdAWqFQA.jpg,photos/20260420_030632_gp_DdAWqFQA.jpg,engine_bay,stripdown_cataloguing,medium,keep,keyword_car_match,
20260420_030632_gp_mCed4m4g.jpg,photos/20260420_030632_gp_mCed4m4g.jpg,engine_bay,stripdown_cataloguing,medium,keep,keyword_car_match,
20260420_030632_gp_OUq1OEtg.jpg,photos/20260420_030632_gp_OUq1OEtg.jpg,engine_bay,stripdown_cataloguing,medium,keep,keyword_car_match,
20260420_030632_gp_QRqQtUWw.jpg,photos/20260420_030632_gp_QRqQtUWw.jpg,engine_bay,stripdown_cataloguing,medium,keep,keyword_car_match,
20260420_030632_gp_RmN3cKng.jpg,photos/20260420_030632_gp_RmN3cKng.jpg,engine_bay,stripdown_cataloguing,medium,keep,keyword_car_match,
20260420_030632_gp_TJpOuU0Q.jpg,photos/20260420_030632_gp_TJpOuU0Q.jpg,engine_bay,stripdown_cataloguing,medium,keep,keyword_car_match,
20260420_030633_gp_HrxKzXKQ.jpg,photos/20260420_030633_gp_HrxKzXKQ.jpg,engine_bay,stripdown_cataloguing,medium,keep,keyword_car_match,
20260420_030633_gp_qCEN9b4Q.jpg,photos/20260420_030633_gp_qCEN9b4Q.jpg,engine_bay,stripdown_cataloguing,medium,keep,keyword_car_match,
20260420_030814_gp_YDHO2eUQ.jpg,photos/20260420_030814_gp_YDHO2eUQ.jpg,engine_bay,stripdown_cataloguing,medium,keep,keyword_car_match,
20260420_201801_gp_NvXIaGBw.jpg,photos/20260420_201801_gp_NvXIaGBw.jpg,procurement_inventory,procurement_reconciliation,high,keep,component_group_not_reference,
20260420_201814_gp_IHb6FfXg.jpg,photos/20260420_201814_gp_IHb6FfXg.jpg,procurement_inventory,procurement_reconciliation,high,keep,component_group_not_reference,
20260420_221819_gp_YV69fbvA.jpg,photos/20260420_221819_gp_YV69fbvA.jpg,procurement_inventory,procurement_reconciliation,high,keep,component_group_not_reference,
20260420_221819_gp_YV69fbvA_2.jpg,photos/20260420_221819_gp_YV69fbvA_2.jpg,procurement_inventory,procurement_reconciliation,high,keep,component_group_not_reference,
20260421_000440_gp_mHfhDt5Q.mp4,photos/20260421_000440_gp_mHfhDt5Q.mp4,body_exterior,stripdown_cataloguing,medium,keep,keyword_car_match,
20260421_000442_gp_BwZ9MrsQ.mp4,photos/20260421_000442_gp_BwZ9MrsQ.mp4,body_exterior,stripdown_cataloguing,medium,keep,keyword_car_match,
20260421_000445_gp_NZmyXtiA.mp4,photos/20260421_000445_gp_NZmyXtiA.mp4,body_exterior,stripdown_cataloguing,medium,keep,keyword_car_match,
20260421_000447_gp_i5bdcJiQ.mp4,photos/20260421_000447_gp_i5bdcJiQ.mp4,body_exterior,stripdown_cataloguing,medium,keep,keyword_car_match,
20260421_000450_gp_6V9noMHA.mp4,photos/20260421_000450_gp_6V9noMHA.mp4,body_exterior,stripdown_cataloguing,medium,keep,keyword_car_match,
20260421_192813_gp_0jvYAo8g.jpg,photos/20260421_192813_gp_0jvYAo8g.jpg,interior_cabin,electrical_rework,high,keep,keyword_car_match,
20260421_192813_gp_0jvYAo8g_2.jpg,photos/20260421_192813_gp_0jvYAo8g_2.jpg,interior_cabin,electrical_rework,high,keep,keyword_car_match,
20260421_194401_gp_1dY3fLdw.jpeg,photos/20260421_194401_gp_1dY3fLdw.jpeg,interior_cabin,electrical_rework,high,keep,keyword_car_match,
20260422_003700_gp_gFb0LBcw.jpg,photos/20260422_003700_gp_gFb0LBcw.jpg,procurement_inventory,procurement_reconciliation,high,keep,keyword_car_match,
20260422_004241_gp_hASLbowg.jpg,photos/20260422_004241_gp_hASLbowg.jpg,chassis_underside,underside_inspection,high,keep,keyword_car_match,
20260422_004254_gp_SplHLSYA.jpg,photos/20260422_004254_gp_SplHLSYA.jpg,chassis_underside,underside_inspection,high,keep,keyword_car_match,
20260422_004257_gp_cxEZbZoQ.jpg,photos/20260422_004257_gp_cxEZbZoQ.jpg,chassis_underside,underside_inspection,high,keep,keyword_car_match,
20260422_004301_gp_SU89hisw.jpg,photos/20260422_004301_gp_SU89hisw.jpg,chassis_underside,underside_inspection,high,keep,keyword_car_match,
20260422_004306_gp_vGlNr2UA.jpg,photos/20260422_004306_gp_vGlNr2UA.jpg,chassis_underside,underside_inspection,high,keep,keyword_car_match,
20260422_004311_gp_994KQ0Pw.jpg,photos/20260422_004311_gp_994KQ0Pw.jpg,chassis_underside,underside_inspection,high,keep,keyword_car_match,
20260422_004319_gp_Ttqz46Sw.jpg,photos/20260422_004319_gp_Ttqz46Sw.jpg,chassis_underside,underside_inspection,high,keep,keyword_car_match,
20260422_004319_gp_Ttqz46Sw_2.jpg,photos/20260422_004319_gp_Ttqz46Sw_2.jpg,chassis_underside,underside_inspection,high,keep,keyword_car_match,
20260422_004323_gp_JD88KuWQ.jpg,photos/20260422_004323_gp_JD88KuWQ.jpg,chassis_underside,underside_inspection,high,keep,keyword_car_match,
20260422_004323_gp_JD88KuWQ_2.jpg,photos/20260422_004323_gp_JD88KuWQ_2.jpg,chassis_underside,underside_inspection,high,keep,keyword_car_match,
20260422_004332_gp_7d5uYWQQ.jpg,photos/20260422_004332_gp_7d5uYWQQ.jpg,chassis_underside,underside_inspection,high,keep,keyword_car_match,
20260422_004332_gp_7d5uYWQQ_2.jpg,photos/20260422_004332_gp_7d5uYWQQ_2.jpg,chassis_underside,underside_inspection,high,keep,keyword_car_match,
20260422_004338_gp_35uwfApA.jpg,photos/20260422_004338_gp_35uwfApA.jpg,chassis_underside,underside_inspection,high,keep,keyword_car_match,
20260422_004338_gp_35uwfApA_2.jpg,photos/20260422_004338_gp_35uwfApA_2.jpg,chassis_underside,underside_inspection,high,keep,keyword_car_match,
20260422_004347_gp_WIy0j6zw.jpg,photos/20260422_004347_gp_WIy0j6zw.jpg,chassis_underside,underside_inspection,high,keep,keyword_car_match,
20260422_004347_gp_WIy0j6zw_2.jpg,photos/20260422_004347_gp_WIy0j6zw_2.jpg,chassis_underside,underside_inspection,high,keep,keyword_car_match,
20260422_004356_gp_vTFgPfAQ.jpg,photos/20260422_004356_gp_vTFgPfAQ.jpg,chassis_underside,underside_inspection,high,keep,keyword_car_match,
20260422_004356_gp_vTFgPfAQ_2.jpg,photos/20260422_004356_gp_vTFgPfAQ_2.jpg,chassis_underside,underside_inspection,high,keep,keyword_car_match,
20260422_004412_gp_OclpaTdg.jpg,photos/20260422_004412_gp_OclpaTdg.jpg,chassis_underside,underside_inspection,high,keep,keyword_car_match,
20260422_004412_gp_OclpaTdg_2.jpg,photos/20260422_004412_gp_OclpaTdg_2.jpg,chassis_underside,underside_inspection,high,keep,keyword_car_match,
20260422_004423_gp_B1N5ThVw.jpg,photos/20260422_004423_gp_B1N5ThVw.jpg,chassis_underside,underside_inspection,high,keep,keyword_car_match,
20260422_004423_gp_B1N5ThVw_2.jpg,photos/20260422_004423_gp_B1N5ThVw_2.jpg,chassis_underside,underside_inspection,high,keep,keyword_car_match,
20260422_004429_gp_4emWbTrA.jpg,photos/20260422_004429_gp_4emWbTrA.jpg,chassis_underside,underside_inspection,high,keep,keyword_car_match,
20260422_004429_gp_4emWbTrA_2.jpg,photos/20260422_004429_gp_4emWbTrA_2.jpg,chassis_underside,underside_inspection,high,keep,keyword_car_match,
20260422_004436_gp_yjCPMWTg.jpg,photos/20260422_004436_gp_yjCPMWTg.jpg,chassis_underside,underside_inspection,high,keep,keyword_car_match,
20260422_004436_gp_yjCPMWTg_2.jpg,photos/20260422_004436_gp_yjCPMWTg_2.jpg,chassis_underside,underside_inspection,high,keep,keyword_car_match,
20260422_004449_gp_ZzlGoYsQ.jpg,photos/20260422_004449_gp_ZzlGoYsQ.jpg,body_floor,rust_assessment,medium,keep,keyword_car_match,
20260422_004449_gp_ZzlGoYsQ_2.jpg,photos/20260422_004449_gp_ZzlGoYsQ_2.jpg,body_floor,rust_assessment,medium,keep,keyword_car_match,
20260422_004513_gp_bgO24J2g.jpg,photos/20260422_004513_gp_bgO24J2g.jpg,body_floor,rust_assessment,medium,keep,keyword_car_match,
20260422_004513_gp_bgO24J2g_2.jpg,photos/20260422_004513_gp_bgO24J2g_2.jpg,body_floor,rust_assessment,medium,keep,keyword_car_match,
20260422_004523_gp_p13iAnmw.jpg,photos/20260422_004523_gp_p13iAnmw.jpg,body_floor,rust_assessment,medium,keep,keyword_car_match,
20260422_004523_gp_p13iAnmw_2.jpg,photos/20260422_004523_gp_p13iAnmw_2.jpg,body_floor,rust_assessment,medium,keep,keyword_car_match,
20260422_004536_gp_AAvm6QRQ.jpg,photos/20260422_004536_gp_AAvm6QRQ.jpg,body_floor,rust_assessment,medium,keep,keyword_car_match,
20260422_004536_gp_AAvm6QRQ_2.jpg,photos/20260422_004536_gp_AAvm6QRQ_2.jpg,body_floor,rust_assessment,medium,keep,keyword_car_match,
20260422_004549_gp_Ih5A9o1A.jpg,photos/20260422_004549_gp_Ih5A9o1A.jpg,body_floor,rust_assessment,medium,keep,keyword_car_match,
20260422_004549_gp_Ih5A9o1A_2.jpg,photos/20260422_004549_gp_Ih5A9o1A_2.jpg,body_floor,rust_assessment,medium,keep,keyword_car_match,
20260422_004558_gp_caHlk7Ew.jpg,photos/20260422_004558_gp_caHlk7Ew.jpg,body_floor,rust_assessment,medium,keep,keyword_car_match,
20260422_004558_gp_caHlk7Ew_2.jpg,photos/20260422_004558_gp_caHlk7Ew_2.jpg,body_floor,rust_assessment,medium,keep,keyword_car_match,
20260422_004619_gp_WbXyHwzw.jpg,photos/20260422_004619_gp_WbXyHwzw.jpg,body_floor,rust_assessment,medium,keep,keyword_car_match,
20260422_004619_gp_WbXyHwzw_2.jpg,photos/20260422_004619_gp_WbXyHwzw_2.jpg,body_floor,rust_assessment,medium,keep,keyword_car_match,
20260422_004627_gp_qj4yjWYA.jpg,photos/20260422_004627_gp_qj4yjWYA.jpg,body_floor,rust_assessment,medium,keep,keyword_car_match,
20260422_004627_gp_qj4yjWYA_2.jpg,photos/20260422_004627_gp_qj4yjWYA_2.jpg,body_floor,rust_assessment,medium,keep,keyword_car_match,
20260422_015512_gp_BmYsVZ6w.jpg,photos/20260422_015512_gp_BmYsVZ6w.jpg,documentation_reference,reference_material,high,keep,keyword_car_match,
20260422_034358_gp_Bg6nSlPw.jpg,photos/20260422_034358_gp_Bg6nSlPw.jpg,procurement_inventory,procurement_reconciliation,high,keep,component_group_not_reference,
20260422_054711_gp_V1EgU9oQ.jpg,photos/20260422_054711_gp_V1EgU9oQ.jpg,chassis_underside,underside_inspection,high,keep,keyword_car_match,
20260422_074709_gp_o4wiXyjA.jpg,photos/20260422_074709_gp_o4wiXyjA.jpg,interior_cabin,stripdown_cataloguing,high,keep,keyword_car_match,
20260423_183250_gp_gbQuZMGA.jpg,photos/20260423_183250_gp_gbQuZMGA.jpg,documentation_reference,reference_material,low,flagged_non_car,reference_low_confidence,
20260423_183256_gp_8GNscvIg.jpg,photos/20260423_183256_gp_8GNscvIg.jpg,documentation_reference,reference_material,low,flagged_non_car,reference_low_confidence,
20260423_183343_gp_njQcMovA.jpg,photos/20260423_183343_gp_njQcMovA.jpg,documentation_reference,reference_material,low,flagged_non_car,reference_low_confidence,
20260423_183351_gp_XT7IdNMA.jpg,photos/20260423_183351_gp_XT7IdNMA.jpg,documentation_reference,reference_material,low,flagged_non_car,reference_low_confidence,
20260423_183357_gp_QrMMg9fg.jpg,photos/20260423_183357_gp_QrMMg9fg.jpg,documentation_reference,reference_material,low,flagged_non_car,reference_low_confidence,
20260423_183408_gp_eCiJmZnA.jpg,photos/20260423_183408_gp_eCiJmZnA.jpg,removable_panels,removed_parts_cataloguing,high,keep,keyword_car_match,
20260423_183448_gp_9MQfbmvQ.jpg,photos/20260423_183448_gp_9MQfbmvQ.jpg,removable_panels,removed_parts_cataloguing,medium,keep,keyword_car_match,
20260423_183514_gp_DyztXKcw.jpg,photos/20260423_183514_gp_DyztXKcw.jpg,removable_panels,removed_parts_cataloguing,high,keep,keyword_car_match,
20260423_183521_gp_pjVN2Ujw.jpg,photos/20260423_183521_gp_pjVN2Ujw.jpg,removable_panels,removed_parts_cataloguing,high,keep,keyword_car_match,
20260423_183540_gp_bhRdLpMg.jpg,photos/20260423_183540_gp_bhRdLpMg.jpg,removable_panels,removed_parts_cataloguing,medium,keep,keyword_car_match,
20260423_183628_gp_SpWIfUnw.jpg,photos/20260423_183628_gp_SpWIfUnw.jpg,removable_panels,removed_parts_cataloguing,high,keep,keyword_car_match,
20260423_183648_gp_ltd3AKwg.jpg,photos/20260423_183648_gp_ltd3AKwg.jpg,roof_and_gutters,removed_parts_cataloguing,high,keep,component_group_not_reference,
20260423_183704_gp_a5qmyeOA.jpg,photos/20260423_183704_gp_a5qmyeOA.jpg,body_floor,rust_assessment,high,keep,keyword_car_match,
20260423_183712_gp_46OsAntA.jpg,photos/20260423_183712_gp_46OsAntA.jpg,body_floor,rust_assessment,high,keep,keyword_car_match,
20260423_202614_gp_WU0G6duw.mp4,photos/20260423_202614_gp_WU0G6duw.mp4,documentation_reference,reference_material,high,keep,reference_but_high_or_medium_confidence,
20260423_232202_gp_ryYH6xZg.jpg,photos/20260423_232202_gp_ryYH6xZg.jpg,chassis_underside,underside_inspection,high,keep,keyword_car_match,
20260423_232220_gp_ezwEcH2g.jpg,photos/20260423_232220_gp_ezwEcH2g.jpg,chassis_underside,underside_inspection,high,keep,keyword_car_match,
20260423_232236_gp_caYB252g.jpg,photos/20260423_232236_gp_caYB252g.jpg,chassis_underside,underside_inspection,high,keep,keyword_car_match,
20260423_232309_gp_rrFiL8og.jpg,photos/20260423_232309_gp_rrFiL8og.jpg,engine_bay,stripdown_cataloguing,medium,keep,keyword_car_match,
20260423_232345_gp_jFn65JBQ.jpg,photos/20260423_232345_gp_jFn65JBQ.jpg,chassis_underside,underside_inspection,high,keep,keyword_car_match,
20260424_part_dielectric_grease_aliexpress_order_3070231697777489.jpg,photos/20260424_part_dielectric_grease_aliexpress_order_3070231697777489.jpg,documentation_reference,reference_material,low,flagged_non_car,reference_low_confidence,
20260424_part_electric_wires_aliexpress_3070027285627489.jpg,photos/20260424_part_electric_wires_aliexpress_3070027285627489.jpg,documentation_reference,reference_material,low,flagged_non_car,reference_low_confidence,
20260424_part_h4_ceramic_headlight_connector_high_autoxpert_order_1599.jpg,photos/20260424_part_h4_ceramic_headlight_connector_high_autoxpert_order_1599.jpg,documentation_reference,reference_material,low,flagged_non_car,reference_low_confidence,
20260424_part_nylon_fiber_wool_polishing_disc_sets_2x_daraz_241938794080938.jpg,photos/20260424_part_nylon_fiber_wool_polishing_disc_sets_2x_daraz_241938794080938.jpg,documentation_reference,reference_material,low,flagged_non_car,reference_low_confidence,
20260424_part_seam_sealer_autohub_order_1761310.jpg,photos/20260424_part_seam_sealer_autohub_order_1761310.jpg,documentation_reference,reference_material,low,flagged_non_car,reference_low_confidence,
20260424_tool_electrical_test_kit_aliexpress_order_3070231697877489.jpg,photos/20260424_tool_electrical_test_kit_aliexpress_order_3070231697877489.jpg,documentation_reference,reference_material,low,flagged_non_car,reference_low_confidence,
20260430_215915_gp_ycQ395Gg.jpg,photos/20260430_215915_gp_ycQ395Gg.jpg,engine_bay,mechanical_inspection,high,keep,keyword_car_match,
20260430_215939_gp_EjZ7u1ow.jpg,photos/20260430_215939_gp_EjZ7u1ow.jpg,engine_bay,mechanical_inspection,high,keep,keyword_car_match,
20260430_215957_gp_2iBbUagw.jpg,photos/20260430_215957_gp_2iBbUagw.jpg,engine_bay,mechanical_inspection,high,keep,keyword_car_match,
20260430_220004_gp_C9oYiYmA.jpg,photos/20260430_220004_gp_C9oYiYmA.jpg,engine_bay,mechanical_inspection,high,keep,keyword_car_match,
20260430_233755_gp_DO69MLAA.jpg,photos/20260430_233755_gp_DO69MLAA.jpg,engine_bay,mechanical_inspection,medium,keep,keyword_car_match,
20260501_193533_gp_sDErdvGw.jpg,photos/20260501_193533_gp_sDErdvGw.jpg,chassis_underside,chassis_fixing,high,keep,keyword_car_match,
20260501_193542_gp_U7e0J0iA.jpg,photos/20260501_193542_gp_U7e0J0iA.jpg,chassis_underside,chassis_fixing,high,keep,keyword_car_match,
20260501_193554_gp_EU4bmOlg.jpg,photos/20260501_193554_gp_EU4bmOlg.jpg,chassis_underside,chassis_fixing,high,keep,keyword_car_match,
20260501_193603_gp_9zd2mD6w.jpg,photos/20260501_193603_gp_9zd2mD6w.jpg,chassis_underside,chassis_fixing,high,keep,keyword_car_match,
20260501_193609_gp_f5PDj87Q.jpg,photos/20260501_193609_gp_f5PDj87Q.jpg,chassis_underside,chassis_fixing,high,keep,keyword_car_match,
20260501_193618_gp_EFciJdww.jpg,photos/20260501_193618_gp_EFciJdww.jpg,chassis_underside,chassis_fixing,high,keep,keyword_car_match,
20260501_193624_gp_ocLE7cMQ.jpg,photos/20260501_193624_gp_ocLE7cMQ.jpg,chassis_underside,chassis_fixing,high,keep,keyword_car_match,
20260501_193755_gp_cuaY6sgg.jpg,photos/20260501_193755_gp_cuaY6sgg.jpg,chassis_underside,chassis_fixing,high,keep,keyword_car_match,
20260501_193805_gp_VgTc8wYQ.jpg,photos/20260501_193805_gp_VgTc8wYQ.jpg,chassis_underside,chassis_fixing,high,keep,keyword_car_match,
20260501_193811_gp_uv8kwbxw.jpg,photos/20260501_193811_gp_uv8kwbxw.jpg,chassis_underside,chassis_fixing,high,keep,keyword_car_match,
20260501_193826_gp_Qhz88J4g.jpg,photos/20260501_193826_gp_Qhz88J4g.jpg,chassis_underside,chassis_fixing,high,keep,keyword_car_match,
20260501_193833_gp_Slpuijyg.jpg,photos/20260501_193833_gp_Slpuijyg.jpg,chassis_underside,chassis_fixing,high,keep,keyword_car_match,
20260501_193841_gp_ZwpHFiMA.jpg,photos/20260501_193841_gp_ZwpHFiMA.jpg,chassis_underside,chassis_fixing,high,keep,keyword_car_match,
20260501_193847_gp_uHWO7Bdw.jpg,photos/20260501_193847_gp_uHWO7Bdw.jpg,chassis_underside,chassis_fixing,high,keep,keyword_car_match,
20260501_193856_gp_M78kWBlQ.jpg,photos/20260501_193856_gp_M78kWBlQ.jpg,chassis_underside,chassis_fixing,high,keep,keyword_car_match,
20260501_193904_gp_GgWYRulA.jpg,photos/20260501_193904_gp_GgWYRulA.jpg,chassis_underside,chassis_fixing,high,keep,keyword_car_match,
20260501_193915_gp_lII00tCA.jpg,photos/20260501_193915_gp_lII00tCA.jpg,chassis_underside,chassis_fixing,high,keep,keyword_car_match,
20260501_193924_gp_KK717O7g.jpg,photos/20260501_193924_gp_KK717O7g.jpg,chassis_underside,chassis_fixing,high,keep,keyword_car_match,
20260501_193935_gp_FPwZZHZA.jpg,photos/20260501_193935_gp_FPwZZHZA.jpg,chassis_underside,chassis_fixing,high,keep,keyword_car_match,
20260501_193944_gp_smzZc4nw.jpg,photos/20260501_193944_gp_smzZc4nw.jpg,chassis_underside,chassis_fixing,high,keep,keyword_car_match,
20260501_193953_gp_XQtysikA.jpg,photos/20260501_193953_gp_XQtysikA.jpg,chassis_underside,chassis_fixing,high,keep,keyword_car_match,
20260501_193958_gp_yhnX0HAQ.jpg,photos/20260501_193958_gp_yhnX0HAQ.jpg,chassis_underside,chassis_fixing,high,keep,keyword_car_match,
20260501_194006_gp_AU1Lw9GQ.jpg,photos/20260501_194006_gp_AU1Lw9GQ.jpg,chassis_underside,chassis_fixing,high,keep,keyword_car_match,
20260501_194014_gp_nWBXweFA.jpg,photos/20260501_194014_gp_nWBXweFA.jpg,chassis_underside,chassis_fixing,high,keep,keyword_car_match,
20260501_194026_gp_gjPjhxdA.jpg,photos/20260501_194026_gp_gjPjhxdA.jpg,chassis_underside,chassis_fixing,high,keep,keyword_car_match,
20260501_194041_gp_6zRIFJUw.jpg,photos/20260501_194041_gp_6zRIFJUw.jpg,chassis_underside,chassis_fixing,high,keep,keyword_car_match,
20260501_194056_gp_p1erpz8w.jpg,photos/20260501_194056_gp_p1erpz8w.jpg,chassis_underside,chassis_fixing,high,keep,keyword_car_match,
20260501_194101_gp_3xKjQSsQ.jpg,photos/20260501_194101_gp_3xKjQSsQ.jpg,chassis_underside,chassis_fixing,high,keep,keyword_car_match,
20260501_194106_gp_e4CETkdg.jpg,photos/20260501_194106_gp_e4CETkdg.jpg,chassis_underside,chassis_fixing,high,keep,keyword_car_match,
20260501_194137_gp_S1qvWECw.jpg,photos/20260501_194137_gp_S1qvWECw.jpg,chassis_underside,chassis_fixing,high,keep,keyword_car_match,
20260501_194144_gp_P5PojIhw.jpg,photos/20260501_194144_gp_P5PojIhw.jpg,chassis_underside,chassis_fixing,high,keep,keyword_car_match,
20260501_194151_gp_NqgqjDEQ.jpg,photos/20260501_194151_gp_NqgqjDEQ.jpg,chassis_underside,chassis_fixing,high,keep,keyword_car_match,
20260501_194203_gp_9nXwy2XQ.jpg,photos/20260501_194203_gp_9nXwy2XQ.jpg,chassis_underside,chassis_fixing,high,keep,keyword_car_match,
20260501_194305_gp_EllBGvXA.jpg,photos/20260501_194305_gp_EllBGvXA.jpg,chassis_underside,chassis_fixing,high,keep,keyword_car_match,
20260501_194313_gp_lfUqLibA.jpg,photos/20260501_194313_gp_lfUqLibA.jpg,chassis_underside,chassis_fixing,high,keep,keyword_car_match,
20260501_194322_gp_XuRtjN4w.jpg,photos/20260501_194322_gp_XuRtjN4w.jpg,chassis_underside,chassis_fixing,high,keep,keyword_car_match,
20260501_194330_gp_CogcrEXA.jpg,photos/20260501_194330_gp_CogcrEXA.jpg,engine_bay,mechanical_cleaning,high,keep,keyword_car_match,
20260501_194338_gp_81Nj4SVA.jpg,photos/20260501_194338_gp_81Nj4SVA.jpg,engine_bay,mechanical_cleaning,high,keep,keyword_car_match,
20260501_194344_gp_V7P0qatA.jpg,photos/20260501_194344_gp_V7P0qatA.jpg,engine_bay,mechanical_cleaning,high,keep,keyword_car_match,
20260501_194402_gp_W9J4rcsw.jpg,photos/20260501_194402_gp_W9J4rcsw.jpg,engine_bay,mechanical_cleaning,high,keep,keyword_car_match,
20260501_194414_gp_gdDllc8Q.jpg,photos/20260501_194414_gp_gdDllc8Q.jpg,engine_bay,mechanical_cleaning,high,keep,keyword_car_match,
20260501_194421_gp_toAeFYqg.jpg,photos/20260501_194421_gp_toAeFYqg.jpg,engine_bay,mechanical_cleaning,high,keep,keyword_car_match,
20260501_194427_gp_QjfOBtTQ.jpg,photos/20260501_194427_gp_QjfOBtTQ.jpg,engine_bay,mechanical_cleaning,high,keep,keyword_car_match,
20260501_194435_gp_ewUJAfPA.jpg,photos/20260501_194435_gp_ewUJAfPA.jpg,engine_bay,mechanical_cleaning,high,keep,keyword_car_match,
20260501_194451_gp_gDugUCjQ.jpg,photos/20260501_194451_gp_gDugUCjQ.jpg,engine_bay,mechanical_cleaning,high,keep,keyword_car_match,
20260501_194458_gp_wd1x56gQ.jpg,photos/20260501_194458_gp_wd1x56gQ.jpg,engine_bay,mechanical_cleaning,high,keep,keyword_car_match,
20260501_194508_gp_aSPxPLDw.jpg,photos/20260501_194508_gp_aSPxPLDw.jpg,engine_bay,mechanical_cleaning,high,keep,keyword_car_match,
20260501_194535_gp_mZ25Ou4A.jpg,photos/20260501_194535_gp_mZ25Ou4A.jpg,engine_bay,mechanical_cleaning,high,keep,keyword_car_match,
20260501_215603_gp_p8KX4pAw.jpg,photos/20260501_215603_gp_p8KX4pAw.jpg,engine_bay,mechanical_cleaning,high,keep,keyword_car_match,
20260501_220352_gp_ZpTWaO5Q.jpg,photos/20260501_220352_gp_ZpTWaO5Q.jpg,engine_bay,mechanical_cleaning,high,keep,keyword_car_match,
20260502_004044_gp_Hx4Yo0Qg.jpg,photos/20260502_004044_gp_Hx4Yo0Qg.jpg,engine_bay,mechanical_baseline,high,keep,keyword_car_match,
20260502_004106_gp_wlYlUahA.jpg,photos/20260502_004106_gp_wlYlUahA.jpg,engine_bay,mechanical_baseline,high,keep,keyword_car_match,
20260502_004120_gp_7Jw9Zyrg.jpg,photos/20260502_004120_gp_7Jw9Zyrg.jpg,engine_bay,mechanical_baseline,high,keep,keyword_car_match,
20260502_004133_gp_ZEpqmARA.jpg,photos/20260502_004133_gp_ZEpqmARA.jpg,engine_bay,mechanical_baseline,high,keep,keyword_car_match,
20260502_004139_gp_jt1dGw4A.jpg,photos/20260502_004139_gp_jt1dGw4A.jpg,engine_bay,mechanical_baseline,high,keep,keyword_car_match,
20260502_004145_gp_e8soxsyA.jpg,photos/20260502_004145_gp_e8soxsyA.jpg,engine_bay,mechanical_baseline,high,keep,keyword_car_match,
20260502_004201_gp_zfUSmKJg.jpg,photos/20260502_004201_gp_zfUSmKJg.jpg,procurement_inventory,procurement_reconciliation,high,keep,keyword_car_match,
20260502_004215_gp_evgCLjSw.jpg,photos/20260502_004215_gp_evgCLjSw.jpg,procurement_inventory,procurement_reconciliation,high,keep,keyword_car_match,
20260502_004222_gp_PKRe5HSQ.jpg,photos/20260502_004222_gp_PKRe5HSQ.jpg,procurement_inventory,procurement_reconciliation,high,keep,keyword_car_match,
20260502_004231_gp_CfosvPIg.jpg,photos/20260502_004231_gp_CfosvPIg.jpg,procurement_inventory,procurement_reconciliation,high,keep,keyword_car_match,
20260502_004254_gp_Hm9RR5DQ.jpg,photos/20260502_004254_gp_Hm9RR5DQ.jpg,procurement_inventory,procurement_reconciliation,high,keep,keyword_car_match,
20260502_004314_gp_wuzpgNrA.jpg,photos/20260502_004314_gp_wuzpgNrA.jpg,procurement_inventory,procurement_reconciliation,high,keep,keyword_car_match,
20260502_004337_gp_m2OagYpg.jpg,photos/20260502_004337_gp_m2OagYpg.jpg,procurement_inventory,procurement_reconciliation,high,keep,keyword_car_match,
20260502_004345_gp_yK8VYzMQ.jpg,photos/20260502_004345_gp_yK8VYzMQ.jpg,procurement_inventory,procurement_reconciliation,high,keep,keyword_car_match,
20260502_004401_gp_otUSjgGA.jpg,photos/20260502_004401_gp_otUSjgGA.jpg,procurement_inventory,procurement_reconciliation,high,keep,keyword_car_match,
20260502_004413_gp_Qno8OVRg.jpg,photos/20260502_004413_gp_Qno8OVRg.jpg,procurement_inventory,procurement_reconciliation,high,keep,keyword_car_match,
20260502_004419_gp_ZPXJRBzg.jpg,photos/20260502_004419_gp_ZPXJRBzg.jpg,procurement_inventory,procurement_reconciliation,high,keep,keyword_car_match,
20260502_004429_gp_KJHxGcCA.jpg,photos/20260502_004429_gp_KJHxGcCA.jpg,procurement_inventory,procurement_reconciliation,high,keep,keyword_car_match,
20260502_004437_gp_f1TySzww.jpg,photos/20260502_004437_gp_f1TySzww.jpg,procurement_inventory,procurement_reconciliation,high,keep,keyword_car_match,
20260502_004442_gp_7WcFHjLQ.jpg,photos/20260502_004442_gp_7WcFHjLQ.jpg,procurement_inventory,procurement_reconciliation,high,keep,keyword_car_match,
20260502_005740_gp_Qiat03EQ.jpg,photos/20260502_005740_gp_Qiat03EQ.jpg,engine_bay,mechanical_baseline,high,keep,component_group_not_reference,
20260502_160754_gp_Zd9UeENg.jpg,photos/20260502_160754_gp_Zd9UeENg.jpg,engine_bay,mechanical_baseline,high,keep,component_group_not_reference,
20260502_160855_gp_w3sghS8Q.jpg,photos/20260502_160855_gp_w3sghS8Q.jpg,engine_bay,mechanical_baseline,high,keep,component_group_not_reference,
20260502_160929_gp_exms2QzQ.jpg,photos/20260502_160929_gp_exms2QzQ.jpg,engine_bay,mechanical_baseline,high,keep,component_group_not_reference,
20260502_160950_gp_5KW8RnDQ.jpg,photos/20260502_160950_gp_5KW8RnDQ.jpg,engine_bay,mechanical_baseline,high,keep,component_group_not_reference,
20260502_161055_gp_lS8VRrWg.jpg,photos/20260502_161055_gp_lS8VRrWg.jpg,engine_bay,mechanical_baseline,high,keep,component_group_not_reference,
20260502_161214_gp_zc3zwXlg.jpg,photos/20260502_161214_gp_zc3zwXlg.jpg,engine_bay,mechanical_baseline,high,keep,component_group_not_reference,
20260503_152902_gp_xBbsFRzQ.jpg,photos/20260503_152902_gp_xBbsFRzQ.jpg,documentation_reference,reference_material,low,flagged_non_car,reference_low_confidence,
20260503_152913_gp_AvVGAlHw.jpg,photos/20260503_152913_gp_AvVGAlHw.jpg,documentation_reference,reference_material,low,flagged_non_car,reference_low_confidence,
20260503_152926_gp_4eOEiLQQ.jpg,photos/20260503_152926_gp_4eOEiLQQ.jpg,documentation_reference,reference_material,low,flagged_non_car,reference_low_confidence,
20260503_152937_gp_HdsO0xMA.jpg,photos/20260503_152937_gp_HdsO0xMA.jpg,documentation_reference,reference_material,low,flagged_non_car,reference_low_confidence,
20260503_153017_gp_dM8BCa4w.jpg,photos/20260503_153017_gp_dM8BCa4w.jpg,documentation_reference,reference_material,low,flagged_non_car,reference_low_confidence,
20260503_153031_gp_rFfqDUBw.jpg,photos/20260503_153031_gp_rFfqDUBw.jpg,documentation_reference,reference_material,low,flagged_non_car,reference_low_confidence,
20260503_153042_gp_ZL9JEazw.jpg,photos/20260503_153042_gp_ZL9JEazw.jpg,documentation_reference,reference_material,low,flagged_non_car,reference_low_confidence,
20260503_153054_gp_uj94xuug.jpg,photos/20260503_153054_gp_uj94xuug.jpg,documentation_reference,reference_material,low,flagged_non_car,reference_low_confidence,
20260503_153130_gp_gkKoFapg.jpg,photos/20260503_153130_gp_gkKoFapg.jpg,documentation_reference,reference_material,low,flagged_non_car,reference_low_confidence,
20260503_153200_gp_YXNuQgGQ.jpg,photos/20260503_153200_gp_YXNuQgGQ.jpg,documentation_reference,reference_material,low,flagged_non_car,reference_low_confidence,
20260503_153249_gp_Lg6JX6Gg.jpg,photos/20260503_153249_gp_Lg6JX6Gg.jpg,documentation_reference,reference_material,low,flagged_non_car,reference_low_confidence,
20260503_153350_gp_MfvBNVYQ.jpg,photos/20260503_153350_gp_MfvBNVYQ.jpg,documentation_reference,reference_material,low,flagged_non_car,reference_low_confidence,
20260503_153639_gp_ZueGlpJw.jpg,photos/20260503_153639_gp_ZueGlpJw.jpg,documentation_reference,reference_material,low,flagged_non_car,reference_low_confidence,
20260503_153647_gp_L54euoMQ.jpg,photos/20260503_153647_gp_L54euoMQ.jpg,documentation_reference,reference_material,low,flagged_non_car,reference_low_confidence,
20260503_153832_gp_0FJJiLHg.jpg,photos/20260503_153832_gp_0FJJiLHg.jpg,procurement_inventory,procurement_reconciliation,high,keep,keyword_car_match,
20260503_154438_gp_L7gV0PAA.jpg,photos/20260503_154438_gp_L7gV0PAA.jpg,documentation_reference,reference_material,low,flagged_non_car,reference_low_confidence,
20260503_155132_gp_r4UGNnsQ.jpg,photos/20260503_155132_gp_r4UGNnsQ.jpg,documentation_reference,reference_material,low,flagged_non_car,reference_low_confidence,
20260503_155314_gp_et0BrVkQ.jpg,photos/20260503_155314_gp_et0BrVkQ.jpg,documentation_reference,reference_material,low,flagged_non_car,reference_low_confidence,
20260503_155747_gp_s91OxyAA.jpg,photos/20260503_155747_gp_s91OxyAA.jpg,documentation_reference,reference_material,low,flagged_non_car,reference_low_confidence,
20260503_155825_gp_Gvgy4PXA.jpg,photos/20260503_155825_gp_Gvgy4PXA.jpg,documentation_reference,reference_material,low,flagged_non_car,reference_low_confidence,
20260503_155832_gp_SHrzreNA.jpg,photos/20260503_155832_gp_SHrzreNA.jpg,documentation_reference,reference_material,low,flagged_non_car,reference_low_confidence,
20260503_155928_gp_ZQtxQutA.jpg,photos/20260503_155928_gp_ZQtxQutA.jpg,documentation_reference,reference_material,low,flagged_non_car,reference_low_confidence,
20260503_155956_gp_P4xfMJzw.jpg,photos/20260503_155956_gp_P4xfMJzw.jpg,documentation_reference,reference_material,low,flagged_non_car,reference_low_confidence,
20260503_160010_gp_9F5ZH8kQ.jpg,photos/20260503_160010_gp_9F5ZH8kQ.jpg,documentation_reference,reference_material,low,flagged_non_car,reference_low_confidence,
20260503_160050_gp_3aBjHmzw.jpg,photos/20260503_160050_gp_3aBjHmzw.jpg,documentation_reference,reference_material,low,flagged_non_car,reference_low_confidence,
20260503_160057_gp_VL1ESgKQ.jpg,photos/20260503_160057_gp_VL1ESgKQ.jpg,documentation_reference,reference_material,low,flagged_non_car,reference_low_confidence,
20260503_160107_gp_HBcJ3Ipg.jpg,photos/20260503_160107_gp_HBcJ3Ipg.jpg,documentation_reference,reference_material,low,flagged_non_car,reference_low_confidence,
20260503_160112_gp_eWV3krtw.jpg,photos/20260503_160112_gp_eWV3krtw.jpg,documentation_reference,reference_material,low,flagged_non_car,reference_low_confidence,
20260503_160207_gp_43b3TblQ.jpg,photos/20260503_160207_gp_43b3TblQ.jpg,documentation_reference,reference_material,low,flagged_non_car,reference_low_confidence,
20260503_160215_gp_ml0C9cxw.jpg,photos/20260503_160215_gp_ml0C9cxw.jpg,documentation_reference,reference_material,low,flagged_non_car,reference_low_confidence,
20260503_160327_gp_sFtQuWNQ.jpg,photos/20260503_160327_gp_sFtQuWNQ.jpg,documentation_reference,reference_material,low,flagged_non_car,reference_low_confidence,
20260503_160427_gp_HSrKmfzw.jpg,photos/20260503_160427_gp_HSrKmfzw.jpg,documentation_reference,reference_material,low,flagged_non_car,reference_low_confidence,
20260503_234035_front_vent_window_assemblies.png,photos/20260503_234035_front_vent_window_assemblies.png,windows,removed_parts_cataloguing,high,keep,keyword_car_match,
IMG-20260328-WA0017.jpeg,photos/IMG-20260328-WA0017.jpeg,removable_panels,removed_parts_cataloguing,high,keep,component_group_not_reference,
IMG-20260331-WA0004.jpg,photos/IMG-20260331-WA0004.jpg,engine_bay,baseline_walkaround,high,keep,keyword_car_match,
Screenshot_20260313_054936_PakWheels.jpg,photos/Screenshot_20260313_054936_PakWheels.jpg,documentation_reference,reference_material,high,keep,reference_but_high_or_medium_confidence,
