entry_id,phase,workstream,item,amount,currency,status,procurement_stage,company,transaction_number,expected_delivery_date,source,evidence_ref,payment_status,delivery_status,notes
part_electric_wires,04_electrical_reset,electrical_reset,Electric wires,11529,PKR,received,received_candidate,AliExpress,3070027285627489,,user_seed|whatsapp_akber|user_update,user_seed|akber_khan-00489|akber_khan-00497|user_update_2026-04-22_wiring_built|gmail_msg_19d045e33582292a|gmail_msg_19d3e56a9e4a3991|gmail_order_3070027285627489|gmail_package_PK015187314R|photo_20260424_part_electric_wires_aliexpress_3070027285627489.jpg,paid,received,User reports most electrical is already built; verify any remaining cable-length gaps physically before buying more wire Vendor backfilled from J40_Costs.xlsx. Gmail AliExpress confirms silicone cable red/black wire 1m 4AWG (order 3070027285627489) and package PK015187314R delivered on 2026-03-30.
part_bedliner_sprays,03_body_chassis,body_chassis,Bedliner sprays,,PKR,received,received,U-POL / Raptor on hand,,,user_seed|whatsapp_akber|user_shelf_image,user_seed|akber_khan-00798|akber_khan-00800|user_shelf_image_2026-05-02_raptor_liner_visible,paid,received,Listed by the user as still needed; chat says they are required immediately after floor repair and primer | Marked on hand from shelf image on 2026-05-02: Raptor liner bottles visible; not a primer substitute.
part_primer,03_body_chassis,body_chassis,Hi-Build Zinc Rich Epoxy Primer EC 11 two-pack set,25550,PKR,received,received,Daraz / MM PAINT,242366749280938,2026-05-09,user_seed|whatsapp_akber|user_update|gmail,user_seed|akber_khan-00798|akber_khan-00800|akber_khan-00819|user_update_2026-05-02_zinc_rich_epoxy_primer_order|gmail_msg_19de69fd6503ed45|gmail_order_242366749280938|gmail_msg_19dfcaab0866f88d|gmail_delivery_242366749280938,paid,received,"Daraz order 242366749280938 confirmed 2026-05-02 from MM PAINT: ICI industrial coating Zinc Rich epoxy primer set x1, product PKR 25000 plus PKR 550 shipping, total PKR 25550. Delivery window 2026-05-07 to 2026-05-09. Product link: https://www.daraz.pk/products/i556870547-s4006655573.html?urlFlag=true&mp=1 ; image: https://pk-live-21.slatic.net/kf/Sb3943ecd4f6040c39d009641d24206143.jpg | Gmail Daraz delivery email confirms order 242366749280938 delivered on 2026-05-06; still verify base/hardener tins, mix ratio, thinner, and recoat window before primer use."
part_wax_and_grease_remover,03_body_chassis,body_chassis,3M Prep Solvent-70 1 gallon / wax and grease remover,18999,PKR,received,received,Autohub,62192,2026-05-06,user_seed|whatsapp_akber|user_update|gmail,user_seed|akber_khan-00803|akber_khan-00817|user_update_2026-05-02_autohub_prep_solvent_cavity_wax_order|gmail_msg_19de69d1f1e3d70a|gmail_order_1762192|autohub_order_62192|user_update_2026-05-08_all_remaining_autohub_orders_arrived|user_update_2026-05-11_3m_prep_solvent_received|gmail_msg_19e0c5bc0f1cf25e|blueex_tracking_AhubRider,paid,received,"Autohub order 1762192 / order number 62192 confirmed 2026-05-02: 3M Prep Solvent - 70, 1 gal (08983) x1 at PKR 18999. Shared order also includes HB Body U900 cavity wax x2; order subtotal PKR 23997 plus PKR 249 shipping, total PKR 24246. Product link: https://autohub.pk/products/3m-prep-solvent-70-1-gallon ; image: https://cdn.shopify.com/s/files/1/0424/5433/files/3m-08983_medium.png?v=1709701797 | Gmail recheck on 2026-05-08 found the Autohub 1762192 / 62192 confirmation only; later user confirmation on 2026-05-08 closes delivery. | User confirmed on 2026-05-08 that the pre solvent / remaining Autohub orders have arrived; user reconfirmed item-level receipt on 2026-05-11. Receipt check: confirm one sealed 1 gallon 3M Prep Solvent-70 can, intact label, and no leaks or dents. | Gmail recheck 2026-05-12 found Autohub shipment email sent 2026-05-09 for order 1762192 listing 3M Prep Solvent-70 x1 and HB Body U900 cavity wax x2 via Blue-ex AhubRider; user receipt confirmations from 2026-05-08 and 2026-05-11 keep the row received."
part_seam_sealer,03_body_chassis,body_chassis,Seam sealer,7696,PKR,received,received,Autohub,1761310,,user_seed|whatsapp_akber|gmail|user_update,user_seed|akber_khan-00803|akber_khan-00820|gmail_msg_19d0ef66d4eacdee|gmail_msg_19d48a1d197405a3|gmail_order_1761310|photo_20260424_part_seam_sealer_autohub_order_1761310.jpg|user_update_2026-05-02_autohub_prep_solvent_cavity_wax_order|user_update_2026-05-08_all_remaining_autohub_orders_arrived,paid,received,"Listed by the user as still needed; later product research includes an Autohub seam-sealer link. Gmail Autohub order 1761310 confirms 3x HB BODY 999 seam sealer and shipment status. | Payment marked paid per user confirmation on 2026-05-02; keep quantity/delivery reconciliation against order 1761310. | Gmail recheck on 2026-05-08 found the 2026-04-01 Autohub shipment email for order 1761310 but no delivery confirmation; later user confirmation on 2026-05-08 closes delivery. | User confirmed on 2026-05-08 that all remaining Autohub orders have arrived; mark the three HB BODY 999 seam sealer cartridges received. Receipt check: confirm tube count, labels, expiry/softness, and nozzle condition before body sealing."
tool_breaker_bar,00_site_setup,site_setup,"1/2 inch 24 inch breaker bar, heavy duty",,PKR,received,received,local,,,user_seed|whatsapp_akber|user_update,user_seed|akber_khan-00346|user_update_2026-05-08_breaker_bar_arrived,unknown,received,"Listed by the user as still needed; breaker bar was part of the minimum tool list discussed around steering work | User confirmed on 2026-05-08 that the breaker bar has arrived. Amount/payment proof is still not captured; verify 1/2 inch drive, approximately 24 inch length, and head/pivot condition before using on seized fasteners."
tool_local_toolbench,00_site_setup,site_setup,Toolbench / workbench,,PKR,planned,purchase_ready,local hardware/tools market,,,user_update,user_update_2026-05-04_local_purchase_tools,not_paid,not_ordered,"Scout local market: buy a stable workbench/toolbench with steel frame or heavy hardwood top, minimum 1200 x 600 mm working surface, 850-950 mm working height, flat top, and enough structure to bolt down a vice and pillar drill."
tool_local_bench_drill,00_site_setup,site_setup,Total TDP133501 Drill Press - 350W - 13mm,,PKR,received,received,Total / seller not captured,,,user_update|gmail,user_update_2026-05-04_total_tdp133501_drill_press_order|user_update_2026-05-12_drill_press_arrived,paid,received,"User reported paid order 2026-05-04: Total TDP133501 Drill Press, 350W, 13 mm, quantity 1. Amount, seller, order number, and delivery ETA not yet captured. Receipt check must confirm straight spindle/no visible wobble, locking table, depth stop, and safe 220-240 V power before use. | Gmail recheck 2026-05-12 found no matching TDP133501 / drill-press receipt, shipment, or delivery email; keep pending and use seller/order details from user if available. | User confirmed on 2026-05-12 that the drill press has arrived. Receipt/use check: confirm straight spindle/no visible wobble, locking table, depth stop, chuck/key, power lead/earth, and safe 220-240 V operation before use."
tool_local_bench_vice,00_site_setup,site_setup,Bench vice / workshop vice,14970,PKR,received,received,ToolsMart.pk,TM25550,,user_update|gmail,user_update_2026-05-04_bench_vice_ordered|gmail_msg_19df40dbc5116bb3|gmail_order_TM25550|user_update_2026-05-12_bench_vice_arrived,unknown,received,"User reported the bench vice is now ordered on 2026-05-04. Amount, seller, order number, and delivery ETA are not yet captured. Receipt check must confirm bolt-down mounting lugs, 100-150 mm jaws, smooth screw action, uncracked casting, and clean/replaceable jaws before installation on the workbench. | ToolsMart order TM25550 confirmed on 2026-05-04 includes Harden 4 inch Heavy Duty Table Vice 100mm / 9 Kg x1 at PKR 14970. Receipt check must confirm bolt-down lugs, 100 mm jaws, smooth screw action, uncracked casting, and clean jaws before mounting. | Gmail recheck on 2026-05-08 found only the ToolsMart TM25550 confirmation and no shipment or delivery email; keep pending. Payment is still not proven by Gmail alone. | Gmail recheck 2026-05-12 found only ToolsMart order TM25550 confirmation and no shipment or delivery email; keep pending delivery. | User confirmed on 2026-05-12 that the bench vice has arrived. Receipt/use check: confirm bolt-down lugs, 100 mm jaws, smooth screw action, no cracked casting, clean jaw faces, and secure mounting before use."
part_ironman_foamcell_suspension_kit,06_steering_brakes_suspension,steering_brakes_suspension,Ironman Foamcell suspension kit - main shipment (front dampers separate),575000,PKR,received,received,Ironman 4x4 supplier,,,user_update|parts_list_image,user_update_2026-05-01_ironman_foamcell_order|image_2026-05-01_ironman_foamcell_parts_list|user_update_2026-05-08_ironman_main_kit_arrived_front_dampers_pending,unknown,received,"User update 2026-05-01: Ironman Foamcell suspension kit ordered from attached parts list; PKR 600000 less PKR 25000 discount = PKR 575000 total. User confirmed on 2026-05-08 that the main suspension kit has arrived minus the separate front damper pair. Treat the main shipment as received, but do not close suspension procurement or start final installation until the separate 24635FE front damper pair is also physically received. Receipt check main shipment against expected kit contents: 24636FE rear dampers, TOY001B front springs, TOY002B rear springs, 415UBK U-bolt kits, 713UK bush kit, 343LH/343RH shackles, 3523 steering damper, 346 pins/shackles as applicable, hardware, labels, and transit damage."
part_ironman_front_dampers_separate_shipment,06_steering_brakes_suspension,steering_brakes_suspension,Ironman Foamcell front damper pair - separate shipment (24635FE x2),,PKR,ordered,ordered_pending_delivery,Ironman 4x4 supplier,,,user_update|parts_list_image|ironman_reference|gmail,user_update_2026-05-01_front_dampers_separate_shipment|image_2026-05-01_ironman_foamcell_parts_list|ironman_24635FE_front_reference|user_update_2026-05-08_ironman_main_kit_arrived_front_dampers_pending,unknown,pending_delivery,"Separate shipment tracker for the Ironman 24635FE front damper pair x2. User confirmed on 2026-05-08 that the main suspension kit has arrived without this front damper pair, so this row remains pending delivery. Amount is included in the main Ironman kit total to avoid double-counting. Verify 24635FE x2, bushes, washers, sleeves/spacers, labels, and body/eye clearance on receipt before closing suspension procurement or final installation. | Gmail recheck 2026-05-12 found no matching Ironman / 24635FE / front-damper shipment or delivery email; keep the separate 24635FE front damper pair pending."
part_suspension_wooden_cribbing_blocks,06_steering_brakes_suspension,steering_brakes_suspension,Seasoned hardwood cribbing cut set - 8 blocks + 4 wedge chocks,,PKR,ordered,ordered_pending_delivery,local timber / wood merchant,,,user_update|merchant_spec|fabrication_pack|gmail,user_update_2026-05-02_suspension_wooden_blocks|user_update_2026-05-04_wood_parts_ordered|data/manual/suspension_wood_cribbing_order_specs.csv|docs/suspension-wood-cribbing-merchant-spec.md|data/manual/fabrication/suspension_wood_cribbing_rev_a/README.md|data/manual/fabrication/suspension_wood_cribbing_rev_a/j40_suspension_wood_cribbing_rev_a_dimension_sheet.pdf,not_paid,pending_delivery,"Timber merchant ask: 8 dry hardwood blocks 300 x 150 x 75 mm plus 4 dry hardwood wedges 200 x 100 mm with 75 mm rear and 25 mm nose. Reject wet/soft/board material, cracks, rocking faces, and feather-edge wedges. Supplemental only; use with rated stands. User update 2026-05-04: wood set ordered; merchant name, wood type, price, expected pickup/delivery date, and receipt/photos still need capture. | Gmail recheck 2026-05-12 found no matching hardwood cribbing / wedge chock receipt, shipment, or delivery email; keep pending until the timber merchant order is collected or delivered."
part_power_steering_upgrade,06_steering_brakes_suspension,steering_brakes_suspension,EPS market scout check - 2005-2011 SCP90/NCP90 complete kit,,PKR,researching,pre_payment_market_check,,,,user_seed|whatsapp_fj40|whatsapp_akber,user_seed|fj40-00006|fj40-00263|akber_khan-00346|akber_khan-00858,not_paid,,"Market scout only: quote and buy/no-buy check for a complete matched 2005-2011 Vitz/Yaris SCP90/NCP90 EPS kit with its matched EPS ECU/controller or seller-proven integrated control, bench-test video, seller contact, return terms, and full kit photos before payment. The J40 has no vehicle ECU, but the donor EPS controller is still required for this route."
part_body_mount_rubber_kit,03_body_chassis,body_chassis,Body-to-chassis mount rubber kit,,PKR,spec_ready,spec_ready_release_hold,,,,user_plan_update|docs_tub_off_refit|data_body_mount_order_release_specs,user_plan_2026-04-22_tub_off_update|docs_tub-off-refit-execution-plan|data/manual/body_mount_order_release_specs.csv|data/manual/body_mount_release_actions.csv,not_paid,not_ordered,Spec ready with quantities in body_mount_order_release_specs.csv; complete BMA-001/BMA-002 route decision before committing purchase.
part_body_mount_hardware_kit,03_body_chassis,body_chassis,Body mount hardware kit bolts sleeves washers,,PKR,spec_ready,spec_ready_release_hold,,,,user_plan_update|docs_tub_off_refit|data_body_mount_order_release_specs,user_plan_2026-04-22_tub_off_update|docs_tub-off-refit-execution-plan|data/manual/body_mount_order_release_specs.csv|data/manual/body_mount_release_actions.csv,not_paid,not_ordered,"Spec ready: sleeves 8 blanks; cups 14; M10 trial bolts 16; nuts washers and repair pack defined. Complete BMA-006/BMA-007 before final sleeve cutting and bolt length selection. Millat bolt/nut/washer subset is now tracked separately in part_fastener_kit_a_millat; this row remains release-held for sleeves, cups, captive-thread repair material, and final bolt-length validation."
part_body_mount_shim_pack,03_body_chassis,body_chassis,Body mount shim and spacer pack,,PKR,spec_ready,spec_ready_release_hold,,,,user_plan_update|docs_tub_off_refit|data_body_mount_order_release_specs,user_plan_2026-04-22_tub_off_update|docs_tub-off-refit-execution-plan|data/manual/body_mount_order_release_specs.csv|data/manual/body_mount_release_actions.csv,not_paid,not_ordered,Spec ready: thin shim pack 1/2/3/5 mm x12 each plus thick control pack 5/10/15 mm x4 each. Complete BMA-008 station measurement before final use.
part_fastener_kit_a_millat,03_body_chassis,body_chassis,"Fastener Kit A: Tub-to-chassis mounts (OEM positions) - M10/M12 class 8.8 bolts, matching nuts, flat+spring washers, sleeves",,PKR,ordered,ordered_pending_delivery,MTL Parts,38902|38903,,gmail|deliverables_fastener_cart|manual_reconciliation,gmail_msg_19d9d26f415b48fa|gmail_msg_19d9cd91c8d55038|gmail_msg_19d9ce99ff7c3bab|gmail_msg_19db2d73afb4876e|gmail_msg_19db2d7aa7027a2c|gmail_msg_19dbc4673054004c|gmail_msg_19dbc462741aef46|gmail_msg_19e0722af30bb1af,paid,pending_delivery,"Registered under paid MTL/Millat orders 38902 and 38903 from 2026-04-18. Gmail evidence shows both MTL order-received emails plus user payment follow-ups on 2026-04-22 and 2026-04-24. Covers the Millat M10/M12 bolt, nut, flat-washer, and lock-washer stock; sleeve/spacer cutting still waits for body-mount dry-stack measurements before final installation. | Gmail recheck 2026-05-12 found user follow-up sent 2026-05-08 asking MTL to dispatch paid orders #38902 and #38903 because they were still marked on hold; no dispatch or delivery response was found, so keep pending delivery/on-hold follow-up."
part_fastener_kit_b_millat,03_body_chassis,body_chassis,"Fastener Kit B: Body panel/bracket hardware - M6/M8 class 8.8 flange bolts, nyloc nuts, washers",,PKR,ordered,ordered_pending_delivery,MTL Parts,38902|38903,,gmail|deliverables_fastener_cart|manual_reconciliation,gmail_msg_19d9d26f415b48fa|gmail_msg_19d9cd91c8d55038|gmail_msg_19d9ce99ff7c3bab|gmail_msg_19db2d73afb4876e|gmail_msg_19db2d7aa7027a2c|gmail_msg_19dbc4673054004c|gmail_msg_19dbc462741aef46|gmail_msg_19e0722af30bb1af,paid,pending_delivery,"Registered under paid MTL/Millat orders 38902 and 38903 from 2026-04-18. Covers the Millat M6/M8 bolt, nut, and washer portion of the body-panel/bracket hardware set. Receipt check still needs to verify exact lengths, quantities, and any local top-up for sizes that were not clean Millat matches. | Gmail recheck 2026-05-12 found user follow-up sent 2026-05-08 asking MTL to dispatch paid orders #38902 and #38903 because they were still marked on hold; no dispatch or delivery response was found, so keep pending delivery/on-hold follow-up."
part_fastener_kit_c_captive_clip_nuts,03_body_chassis,body_chassis,Fastener Kit C remaining: Captive/clip/speed nut and weld-nut assortment - M6/M8,,PKR,planned,purchase_ready,Bilal Ganj clip/captive/rivnut suppliers,,,photo_inventory|workbook_reconciliation|user_update|count_estimate,20260503_153832_gp_0FJJiLHg|workbook_parts#row_227|user_update_2026-05-03_screw_photo_review|data/manual/fastener_photo_count_estimates.csv|user_update_2026-05-08_rivets_received|user_update_2026-05-09_m6_m8_rivnut_confirmation|photos/20260508_rivnuts_received_user_photo.png|photos/20260508_m6_rivnut_box_labels_user_photo.png,not_paid,not_ordered,"User-selected loose fastener photo shows rusted captive/clip/speed nuts and old panel/body hardware that are not covered by Millat orders 38902/38903, which only cover loose metric screws, bolts, nuts, flat washers, lock washers, and plate spacers. Photo estimate: 22-40 visible captive/clip/speed nut and rivnut/weld-nut candidates, likely 30. User photos on 2026-05-08 confirm yellow-zinc knurled flat-head threaded rivet nuts/nutserts, with visible label text reading Product Name: Rivetnut and size M6. User clarified on 2026-05-09 that the two boxes are M6 and M8, so treat M6 and M8 rivnut/nutsert portions as received unless physical receipt check contradicts this. Remaining open scope is captive/clip/speed nuts and weld nuts: original workbook basis M6 captive/clip nuts x120, M8 captive/clip nuts x60, weld nuts M6 x30, weld nuts M8 x20. Use new yellow-zinc or equivalent plated hardware; do not reuse rusted spring clips or captive nuts. Confirm final split against old samples before purchase."
part_fastener_kit_d_millat,04_electrical_reset,electrical_reset,Fastener Kit D: Grounding hardware - star/serrated washers M6/M8/M10 + cleaned contact points,,PKR,ordered,ordered_pending_delivery,MTL Parts,38902|38903,,gmail|deliverables_fastener_cart|manual_reconciliation,gmail_msg_19d9d26f415b48fa|gmail_msg_19d9cd91c8d55038|gmail_msg_19d9ce99ff7c3bab|gmail_msg_19db2d73afb4876e|gmail_msg_19db2d7aa7027a2c|gmail_msg_19dbc4673054004c|gmail_msg_19dbc462741aef46|gmail_msg_19e0722af30bb1af,paid,pending_delivery,"Registered under paid MTL/Millat orders 38902 and 38903 from 2026-04-18. Covers the ordered Millat washer/lock-washer stock used for grounding and vibration-resistant joints. Conductive paste and any non-Millat grounding top-up remain separate until physically confirmed. | Gmail recheck 2026-05-12 found user follow-up sent 2026-05-08 asking MTL to dispatch paid orders #38902 and #38903 because they were still marked on hold; no dispatch or delivery response was found, so keep pending delivery/on-hold follow-up."
part_fastener_kit_e_millat,03_body_chassis,body_chassis,"Millat order #38902 metric screw pack - M10x20 x20, M6x16 x60, M6x12 x120, M8x16 x60",1880,PKR,ordered,ordered_pending_delivery,MTL Parts,38902,,gmail|manual_reconciliation,gmail_msg_19d9d26f415b48fa|gmail_msg_19dbc4673054004c|gmail_order_38902|gmail_msg_19e0722af30bb1af,paid,pending_delivery,"Gmail MTL order #38902 confirms screw lines: SCREW M10 X20MM (163084 - 1163084) x20 PKR 320; SCREW M6X16 (133061 - 1133061) x60 PKR 300; SCREW M6 X 12MM (144035 - 1391074) x120 PKR 720, all 120 backordered; SCREW M8X16MM (163070 - 1163070) x60 PKR 540. Screw line subtotal PKR 1880; part of order #38902 total PKR 10291 including GST with other nuts, bolts, and washers. Payment follow-up sent 2026-04-24; delivery still pending. This MTL row does not cover stainless trim screws, self-tapping screws, countersunk screws, cup washers, or captive/clip nuts. | Gmail recheck 2026-05-12 found user follow-up sent 2026-05-08 asking MTL to dispatch paid orders #38902 and #38903 because they were still marked on hold; no dispatch or delivery response was found, so keep pending delivery/on-hold follow-up."
part_fastener_kit_e_trim_screws_cup_washers,07_interior_weatherproofing,interior_weatherproofing,Fastener Kit E: Stainless/non-structural trim screws plus cup/finishing washers,,PKR,planned,deferred_until_body_closed,local fastener / trim hardware supplier,,,photo_inventory|workbook_reconciliation|user_update|count_estimate,20260503_153832_gp_0FJJiLHg|workbook_parts#row_229|user_update_2026-05-03_screw_photo_review|data/manual/fastener_photo_count_estimates.csv,not_paid,not_ordered,"User-selected loose fastener photo shows pointed sheet-metal/self-tapping screws, countersunk/slotted trim screws, and cup/finishing washer styles not covered by MTL order 38902. Photo estimate: 35-70 visible self-tapping/trim/countersunk screws and cup/finishing washers, likely 50. Buy only after panel/trim alignment and old-screw sorting confirm positions, head styles, lengths, and washer/cup needs. Non-structural only; use stainless or zinc-plated new hardware and do not reuse rusted old trim screws."
part_body_retaining_clips_cotter_pin_pack,03_body_chassis,body_chassis,Body retaining clip pack - R-clips hairpins split pins circlips and small cotters,,PKR,planned,purchase_ready,local fastener / body hardware supplier,,,photo_inventory|user_update|count_estimate,20260503_153832_gp_0FJJiLHg|user_update_2026-05-04_fastener_photo_gap_review|data/manual/fastener_photo_count_estimates.csv,not_paid,not_ordered,"User-selected loose hardware photo shows small wire retaining clips, cotter-style pins, and spring retaining clips mixed with the screws. These are not covered by Millat orders 38902/38903 or the ordered screw/bolt/nut/washer rows. Photo estimate: 6-15 visible retaining clips/cotters, likely 10. Buy new zinc-plated or stainless assorted R-clips, hairpins, split pins, circlips/E-clips, and small cotters after sorting the old samples by pin diameter and installed location; do not reuse rusty retaining clips."
part_body_rubber_plastic_bumpers_isolators,03_body_chassis,body_chassis,Body rubber/plastic bumpers isolators knobs and small spacers,,PKR,planned,spec_needed_before_order,Bilal Ganj rubber/body trim supplier,,,photo_inventory|user_update|count_estimate,20260503_153832_gp_0FJJiLHg|user_update_2026-05-04_fastener_photo_gap_review|data/manual/fastener_photo_count_estimates.csv,not_paid,not_ordered,"User-selected loose hardware photo shows black and white rubber/plastic knobs, bumpers, pads, isolators, and small spacers that are not part of the Millat screw/nut/washer orders and are not covered by the body-mount rubber kit unless a sample proves a body-mount location. Photo estimate: 8-18 visible rubber/plastic pieces, likely 12. Sort by location, diameter, height, thread/stud size, and material hardness; buy new sample-matched replacements only and keep originals as templates."
part_body_shoulder_pins_sleeves_spacers,03_body_chassis,body_chassis,Body shoulder bolts pivot pins sleeves and stand-off spacers - sample matched,,PKR,planned,spec_needed_before_order,local fastener / machine shop supplier,,,photo_inventory|user_update|count_estimate,20260503_153832_gp_0FJJiLHg|user_update_2026-05-04_fastener_photo_gap_review|data/manual/fastener_photo_count_estimates.csv,not_paid,not_ordered,"User-selected loose hardware photo shows long shoulder/pivot-style bolts, cylindrical sleeves, stand-off spacers, and stepped pins that are not covered by Millat orders 38902/38903, which are loose metric screws, bolts, nuts, and washers only. Photo estimate: 10-24 visible shoulder/pivot bolts, sleeves, stand-offs, and stepped pins, likely 16. Measure shoulder diameter, threaded section, grip length, total length, head style, and installed location before purchase or machine-shop fabrication; do not substitute ordinary fully threaded bolts where a shoulder or sleeve controls alignment."
part_body_specialty_brackets_retainer_plates,03_body_chassis,body_chassis,Body specialty bracket and retainer plate repair/replacement pack,,PKR,planned,spec_needed_before_order,local body hardware fabricator / Bilal Ganj,,,photo_inventory|user_update|count_estimate,20260503_153832_gp_0FJJiLHg|user_update_2026-05-04_fastener_photo_gap_review|data/manual/fastener_photo_count_estimates.csv,not_paid,not_ordered,"User-selected loose hardware photo shows rusted rectangular bracket plates, slotted retainers, captive-nut plates, and bent link/strap brackets mixed with the fasteners. These are not supplied by the Millat screw/nut/washer orders. Photo estimate: 8-18 visible specialty bracket/retainer plates, likely 12. Sort by installed location and function, then refurbish only sound originals; buy or fabricate replacements for bent, thin, cracked, or captive-thread-damaged brackets using the old samples as templates."
part_firewall_grommet_set_small_medium,04_electrical_reset,electrical_reset,Additional firewall grommet set IDs 6/8/10/12 mm,,PKR,planned,purchase_ready,,,,user_plan_update|docs_bilal_ganj,user_plan_2026-04-22_grommet_size_gap_review|docs_bilal-ganj-master-shopping-list,not_paid,not_ordered,Additional small and medium pass-through sizes still needed to cover loom branch and signal wire firewall exits
part_firewall_grommet_set_large_power,04_electrical_reset,electrical_reset,Additional firewall grommet set IDs 16/20/25 mm,,PKR,planned,purchase_ready,,,,user_plan_update|docs_bilal_ganj|docs_wire_cutlist,user_plan_2026-04-22_grommet_size_gap_review|docs_bilal-ganj-master-shopping-list|docs_wire-heavy-resize-cutlist,not_paid,not_ordered,Large pass-through sizes still needed for protected heavy feed runs and split-loom trunk crossings
part_mech_engine_oil_filter_service,05_mechanical_baseline,mechanical_baseline,Engine oil + oil filter service pack,,PKR,planned,purchase_ready,,,,user_plan_update,user_plan_2026-04-12_engine_bay_review,not_paid,not_ordered,MECH BASELINE MUST REPLACE during full restore
part_mech_fuel_filter,05_mechanical_baseline,mechanical_baseline,Fuel filter,,PKR,planned,purchase_ready,,,,user_plan_update,user_plan_2026-04-12_engine_bay_review,not_paid,not_ordered,MECH BASELINE MUST REPLACE during full restore
part_mech_heat_glow_plugs_set,05_mechanical_baseline,mechanical_baseline,Toyota OE glow plugs 19850-68030 x6 - diesel 2H,,PKR,new_only_planned,purchase_ready,,,,user_plan_update|user_update,user_plan_2026-04-12_engine_bay_review|user_update_2026-05-01_engine_diesel_correction,not_paid,not_ordered,"Buy exact new Toyota-labelled glow plugs through a verified new-parts counter/order lane: primary target Toyota 19850-68030 x6 for HJ47-style 2H 12V/8.5V. If the old plug/system proves later 24V/superglow, use Toyota 19850-68060 x6 instead. Confirm old plug thread, reach, voltage, seat, and terminal before payment; reject used/refurbished/PT-107/1C/2C listings."
part_mech_accessory_belt_set,05_mechanical_baseline,mechanical_baseline,Accessory belt set,,PKR,planned,purchase_ready,,,,user_plan_update,user_plan_2026-04-12_engine_bay_review,not_paid,not_ordered,MECH BASELINE MUST REPLACE during full restore
part_mech_radiator_hose_set,05_mechanical_baseline,mechanical_baseline,"Cooling hose/pipe package - upper/lower radiator hoses, overflow hose, formed coolant pipe",,PKR,purchase_ready,purchase_ready_standard_and_template_quote,,,,user_plan_update|user_update|data_replacement_pipe_order_release_specs|data_longman_pipe_hose_order_specs,user_plan_2026-04-12_engine_bay_review|user_update_2026-05-01_engine_hose_spec|data/manual/replacement_pipe_order_release_specs.csv|data/manual/replacement_pipe_release_actions.csv|data/manual/longman_pipe_hose_order_specs.csv,not_paid,not_ordered,Standard HJ47/2H upper/lower molded hoses and overflow hose are released for Longman quote/order from engine/radiator images; formed coolant pipe is released for quote/template using May 2 tape photos plus physical sample. Final dry-fit and pressure-test remain required.
part_mech_heater_hose_set,05_mechanical_baseline,mechanical_baseline,"Heater hose pair - EPDM 400 mm inlet + 280 mm outlet, 16 mm ID",,PKR,purchase_ready,purchase_ready_standard_stock,,,,user_plan_update|user_update|data_replacement_pipe_order_release_specs|data_longman_pipe_hose_order_specs,user_plan_2026-04-12_engine_bay_review|user_update_2026-05-01_engine_hose_spec|data/manual/replacement_pipe_order_release_specs.csv|data/manual/replacement_pipe_release_actions.csv|data/manual/longman_pipe_hose_order_specs.csv,not_paid,not_ordered,Standard 16 mm / 5/8 in EPDM heater hose stock released for Longman quote/order: 400 mm inlet and 280 mm outlet cut from released stock during install. Final trim/chafe check remains at install.
part_mech_radiator_cap,05_mechanical_baseline,mechanical_baseline,Radiator cap,,PKR,planned,purchase_ready,,,,user_plan_update|user_update,user_plan_2026-04-12_engine_bay_review|user_update_2026-05-01_engine_hose_spec,not_paid,not_ordered,Spec: Toyota radiator cap 16401-41021 or exact pressure-equivalent cap for the fitted radiator neck; replace with coolant hose service.
part_mech_vacuum_hose_refresh,05_mechanical_baseline,mechanical_baseline,Vacuum/breather hose kit - 10-12 mm vacuum + 16-19 mm oil-resistant breather,,PKR,purchase_ready,purchase_ready_standard_stock,,,,user_plan_update|user_update|data_replacement_pipe_order_release_specs|data_longman_pipe_hose_order_specs,user_plan_2026-04-12_engine_bay_review|user_update_2026-05-01_engine_hose_spec|data/manual/replacement_pipe_order_release_specs.csv|data/manual/replacement_pipe_release_actions.csv|data/manual/longman_pipe_hose_order_specs.csv,not_paid,not_ordered,"New standard hose stock released for Longman quote/order: 10-12 mm ID reinforced brake-booster/vacuum hose x 2000 mm and 16-19 mm ID oil-resistant breather hose x 1000 mm. Final check-valve direction, barb fit, oil exposure, and no-collapse/no-swelling checks remain at install; 2H vacuum pump oil outlet hose is presence-gated and replaced new if fitted."
part_mech_fuel_hose_and_clamps,05_mechanical_baseline,mechanical_baseline,"Diesel fuel hose/line package - 8 mm feed, 6 mm return, leak-off hose, new hard lines",,PKR,purchase_ready,purchase_ready_measured_stock,,,,user_plan_update|user_update|data_replacement_pipe_order_release_specs|data_longman_pipe_hose_order_specs,user_plan_2026-04-12_engine_bay_review|user_update_2026-05-01_engine_hose_spec|data/manual/replacement_pipe_order_release_specs.csv|data/manual/replacement_pipe_release_actions.csv|data/manual/longman_pipe_hose_order_specs.csv,not_paid,not_ordered,"New diesel hose and hard-line stock released for Longman quote/order: 8 mm feed x 1500 mm for the measured approx 1200 mm tank-to-engine route, 6 mm return x 2000 mm, 3.2-3.5 mm leak-off x 1000 mm, plus conditional 8 mm OD x 5000 mm feed hard-line stock only if a separate rigid feed line exists and 6 mm OD x 5000 mm return hard-line stock as new replacement allowance. Verify diesel rating and leak-test after install."
part_mech_brake_flex_hose_set,06_steering_brakes_suspension,steering_brakes_suspension,Brake hydraulic hose/line package - new flex hoses + 4.75 mm hard-line coil allowance,,PKR,spec_ready,spec_ready_safety_release_hold,,,,user_plan_update|data_replacement_pipe_order_release_specs,user_plan_2026-04-12_engine_bay_review|data/manual/replacement_pipe_order_release_specs.csv|data/manual/replacement_pipe_release_actions.csv,not_paid,not_ordered,"May 3 brake images close route context and establish new 4.75 mm / 3/16 in hard-line stock basis. Keep new flex hose fitting/thread/free-length and pressure-test release held before final hydraulic purchase/fabrication. Ironman geometry is treated as effectively the same as current setup, so no separate lift/geometry release action remains."
tool_brake_fuel_line_cutter_bender_flaring_kit,06c_brake_system,brake_system,"Brake/fuel hard-line cutter, hand bender, deburrer, and flaring kit",,PKR,planned,conditional_quote_needed,local tool market / Daraz / Toolsmart,,,user_update|web_search|docs_brake_suspension_order_links|gmail,user_update_2026-05-04_line_shaping_tool_needed|user_update_2026-05-04_daraz_pipe_bender_order|https://4lifetimelines.com/products/master-flaring-tool-set-sae-double-iso-bubble-flares|docs/brake-suspension-order-links-20260503.md|gmail_msg_19df40dbc5116bb3|gmail_order_TM25550,not_paid,not_ordered,"Conditional aggregate remains open only for final tool-fit validation. Separate evidence now covers Daraz pipe bender order 242508744880938 received, plus ToolsMart order TM25550 for Harden Mini Tube Cutter 3-22mm and PARD Double Flaring and Cutting Tool Set - 4-16mm pending delivery. Do not buy a duplicate all-in-one kit unless receipt checks show the cutter/flaring dies do not cover the old brake/fuel fittings or required flare type; still confirm a deburrer/reamer is available if the kit does not include one."
part_brake_booster_servo_44610_60050,06c_brake_system,brake_system,Brake vacuum booster servo - dual diaphragm 44610-60050 market scout,,PKR,planned,local_market_quote_and_sample_match,Bilal Ganj / Montgomery Road / Land Cruiser House / brake servo rebuilder,,,user_update|web_search|data_brake_system_requirements|docs_brake_parts_pakistan,user_update_2026-05-04_front_disc_rear_drum_booster_sourcing|BR-SYS-003|docs/brake-parts-pakistan-acquisition-20260503.md,not_paid,not_ordered,"Market scout / quote only: confirmed architecture is front discs and rear drums. Target Toyota 44610-60050 tandem/dual-diaphragm booster for 9/1975-7/1980 J40/FJ40/BJ40 front-disc setup; compatible 44610-60100/44610-60180 only if physical mounting, pushrod, clevis, master-cylinder seat/depth, check valve/grommet, and clearance match. Prefer new or professionally remanufactured; local used unit must pass bench vacuum hold test and show no brake-fluid contamination. Reject 44610-60040 single/drum and later 44610-60160 unless sample-matched and approved."
part_brake_fluid_bleed_consumables,06c_brake_system,brake_system,Brake hydraulic opening prep remaining consumables - caps plugs bleed bottle cleaner rags catch tray,,PKR,planned,purchase_ready,Autohub/Daraz/local brake supplier,,,data_brake_system_requirements|docs_brake_workstream|docs_order_links|docs_brake_parts_pakistan,data_brake_system_requirements|BR-SYS-002|BR-CAPTURE-001|part_dot3_brake_fluid_autohub_6x354ml|user_update_2026-05-04_clear_bleed_hose_order|user_update_2026-05-04_nitrile_gloves_order|part_daraz_clear_pvc_bleed_hose_2m_20260504|part_daraz_nitrile_gloves_black_l_100pc_20260504|gmail_delivery_242508745080938|gmail_order_242508745280938|blueex_tracking_AhubRider|user_update_2026-05-08_brake_fluid_replacement_arrived|user_update_2026-05-14_nitrile_gloves_received,not_paid,not_ordered,"DOT 3 brake fluid is now received under Autohub order 25050600072003. Clear PVC bleed hose is received under Daraz order 242508745080938. Nitrile gloves are physically received under Daraz order 242508745280938 as of 2026-05-14. Still purchase-ready before opening hydraulics: line caps/plugs, catch bottle or bleeder kit, brake cleaner, rags, and catch tray. Do not open lines until the remaining consumables are physically on hand."
part_dot3_brake_fluid_autohub_6x354ml,06c_brake_system,brake_system,DOT 3 brake fluid x6 - Autohub agreed replacement/substitution received,5349,PKR,received,received,Autohub,62228,2026-05-06,gmail|user_update,gmail_msg_19def26c095be6e3|gmail_order_1762228|autohub_order_62228|bank_alert_19def26f0ee43471|gmail_msg_19df71b7d1c14a42|gmail_msg_19df81f2b45fe7de|blueex_tracking_AhubRider|user_update_2026-05-08_brake_fluid_replacement_arrived,paid,received,"Autohub order 1762228 / order number 62228 confirmed 2026-05-03 for DOT 3 brake fluid x6, subtotal PKR 5100 plus PKR 249 shipping, total PKR 5349. Shipment emails on 2026-05-05 conflicted on Lion DOT-3 x6 versus STP BRAKE FLUID DOT 3 x6, and the user confirmed on 2026-05-08 that the replacement/substitution was agreed and the brake fluid has arrived. Treat as received DOT 3 stock for brake/clutch bleeding; before use, verify six sealed fresh bottles, actual brand/label, DOT 3 rating, and unbroken caps."
part_mech_clutch_master_slave_refresh,05_mechanical_baseline,mechanical_baseline,Clutch hydraulic refresh - master/slave plus new flex hose and 1500 mm hard-line allowance,,PKR,planned,next_phase_purchase,,,,user_plan_update,user_plan_2026-04-12_engine_bay_review,not_paid,not_ordered,"MECH INSPECT THEN REPLACE if leakage, pedal sink, or seized seals. The clutch hydraulic hose/line scope now assumes new replacement: use RPO-CLUTCH-001A/B for a new complete clutch flex assembly and new 1500 mm brake/clutch-rated hard-line blank; match master/slave port thread, flare/seat, flex length, hard-line OD, and final route length."
tool_harden_cup_wire_brush_100mm_m14,03_body_chassis,body_chassis,Harden Cup Wire Brush With NutSize100mm x M14x2.0,2920,PKR,received_candidate,received_candidate,Toolsmart.pk,TM25240,,gmail|user_update,gmail_msg_19d852aa76c4a57e|gmail_order_TM25240|shopify_order_d0c25d9c64d70f2d5bef2c20a55fa3e7,paid,needs_confirmation,"Toolsmart order #TM25240 confirmed 2026-04-13 from Shopify order link d0c25d9c64d70f2d5bef2c20a55fa3e7; quantity 2 line total PKR 2920. Fulfillment/review emails exist but local receipt photo is still not attached. | Gmail recheck 2026-05-12 found TM25240 order confirmation plus post-fulfillment review emails for the same order, but no item-specific delivery email for this line; because other TM25240 welding lines are received, physically verify this line on the shelf before rebuying or using."
tool_wadfow_abrasive_metal_grinding_disc_wac1353,03_body_chassis,body_chassis,Wadfow Abrasive metal grinding disc WAC1353,1440,PKR,received_candidate,received_candidate,Toolsmart.pk,TM25240,,gmail|user_update,gmail_msg_19d852aa76c4a57e|gmail_order_TM25240|shopify_order_d0c25d9c64d70f2d5bef2c20a55fa3e7,paid,needs_confirmation,"Toolsmart order #TM25240 confirmed 2026-04-13 from Shopify order link d0c25d9c64d70f2d5bef2c20a55fa3e7; quantity 3 line total PKR 1440. Fulfillment/review emails exist but local receipt photo is still not attached. | Gmail recheck 2026-05-12 found TM25240 order confirmation plus post-fulfillment review emails for the same order, but no item-specific delivery email for this line; because other TM25240 welding lines are received, physically verify this line on the shelf before rebuying or using."
tool_harden_50lb_magnetic_welding_holder_765050,03_body_chassis,body_chassis,Harden 50LB Magnetic Welding Holder 765050,4760,PKR,received,received,Toolsmart.pk,TM25240,,gmail|user_update,gmail_msg_19d852aa76c4a57e|gmail_order_TM25240|shopify_order_d0c25d9c64d70f2d5bef2c20a55fa3e7|user_update_2026-05-02_toolsmart_tm25240_welding_items_received,paid,received,Toolsmart order #TM25240 confirmed 2026-04-13 from Shopify order link d0c25d9c64d70f2d5bef2c20a55fa3e7; quantity 4 line total PKR 4760. Fulfillment/review emails exist but local receipt photo is still not attached. User confirmed received on 2026-05-02.
tool_total_welding_leather_gloves_16_tsp15161,03_body_chassis,body_chassis,"Total Welding leather gloves 16"" TSP15161",5280,PKR,received,received,Toolsmart.pk,TM25240,,gmail|user_update,gmail_msg_19d852aa76c4a57e|gmail_msg_19ddcc60fed835a5|gmail_order_TM25240|shopify_order_d0c25d9c64d70f2d5bef2c20a55fa3e7|user_update_2026-05-02_toolsmart_tm25240_welding_items_received,paid,received,Toolsmart order #TM25240 confirmed 2026-04-13 from Shopify order link d0c25d9c64d70f2d5bef2c20a55fa3e7; quantity 2 line total PKR 5280. Review email 2026-04-30 references this exact item; local receipt photo is still not attached. User confirmed received on 2026-05-02.
tool_wadfow_auto_darkening_welding_helmet_wwh3503,03_body_chassis,body_chassis,Wadfow Auto-darkening welding helmet WWH3503,8710,PKR,received,received,Toolsmart.pk,TM25240,,gmail|user_update,gmail_msg_19d852aa76c4a57e|gmail_msg_19dcd4fe9fa2eeee|gmail_order_TM25240|shopify_order_d0c25d9c64d70f2d5bef2c20a55fa3e7|user_update_2026-05-08_weld_helmet_arrived,paid,received,"Toolsmart order #TM25240 confirmed 2026-04-13 from Shopify order link d0c25d9c64d70f2d5bef2c20a55fa3e7; quantity 1 line total PKR 8710. Review email 2026-04-27 references this exact item; local receipt photo is still not attached. | User confirmed on 2026-05-08 that the welding helmet has arrived. Receipt check: test auto-darkening, sensitivity/delay controls, battery/solar condition, headband adjustment, and lens/cover condition before welding."
tool_total_inverter_mma_welding_machine_tw220069,03_body_chassis,body_chassis,Total Inverter MMA welding machine TW220069,55100,PKR,received,received,Toolsmart.pk,TM25240,,gmail|user_update,gmail_msg_19d852aa76c4a57e|gmail_msg_19dbdd660bbcfbee|gmail_order_TM25240|shopify_order_d0c25d9c64d70f2d5bef2c20a55fa3e7|user_update_2026-05-02_toolsmart_tm25240_welding_items_received,paid,received,Toolsmart order #TM25240 confirmed 2026-04-13 from Shopify order link d0c25d9c64d70f2d5bef2c20a55fa3e7; quantity 1 line total PKR 55100. Review email 2026-04-24 references this exact item; local receipt photo is still not attached. User confirmed received on 2026-05-02.
tool_total_wrecking_bar_600mm_tht431242,00_site_setup,site_setup,Total Wrecking bar 600mm THT431242,2860,PKR,received,received,Toolsmart.pk,TM25493,,user_update,user_update_2026-05-01_toolsmart_chassis_lift_clean_suspension_order|gmail_msg_19de060f62c307f7|gmail_order_TM25493|user_update_2026-05-08_toolsmart_tm25493_arrived,paid,received,Paid Toolsmart order dated 2026-05-01; part of the PKR 94510 order for chassis lift/clean/suspension work. Gmail order #TM25493 confirms this line item as part of the PKR 94510 Toolsmart order. | User confirmed on 2026-05-08 that ToolsMart order TM25493 has arrived; mark this line received. Still do item-specific receipt checks before use.
tool_wadfow_pressure_sprayer_wrs1550,00_site_setup,site_setup,Wadfow Pressure sprayer WRS1550,2500,PKR,received,received,Toolsmart.pk,TM25493,,user_update,user_update_2026-05-01_toolsmart_chassis_lift_clean_suspension_order|gmail_msg_19de060f62c307f7|gmail_order_TM25493|user_update_2026-05-08_toolsmart_tm25493_arrived,paid,received,Paid Toolsmart order dated 2026-05-01; 5L sprayer for water-based degreaser application during chassis/engine/transmission cleaning. Gmail order #TM25493 confirms this line item as part of the PKR 94510 Toolsmart order. | User confirmed on 2026-05-08 that ToolsMart order TM25493 has arrived; mark this line received. Still do item-specific receipt checks before use.
tool_harden_spring_clamp_set_4in_6pc,00_site_setup,site_setup,Harden 6Pc x 4 inch Spring Clamp Set,1200,PKR,received,received,Toolsmart.pk,TM25493,,user_update,user_update_2026-05-01_toolsmart_chassis_lift_clean_suspension_order|gmail_msg_19de060f62c307f7|gmail_order_TM25493|user_update_2026-05-08_toolsmart_tm25493_arrived,paid,received,"Paid Toolsmart order dated 2026-05-01; clamp set for holding pads, small parts, and temporary setup during cleaning/bodywork. Gmail order #TM25493 confirms this line item as part of the PKR 94510 Toolsmart order. | User confirmed on 2026-05-08 that ToolsMart order TM25493 has arrived; mark this line received. Still do item-specific receipt checks before use."
tool_harden_white_rubber_mallet_700g_590437,00_site_setup,site_setup,Harden White Rubber Mallet with Fiberglass Handle 700g 590437,2380,PKR,received,received,Toolsmart.pk,TM25493,,user_update,user_update_2026-05-01_toolsmart_chassis_lift_clean_suspension_order|gmail_msg_19de060f62c307f7|gmail_order_TM25493|user_update_2026-05-08_toolsmart_tm25493_arrived,paid,received,Paid Toolsmart order dated 2026-05-01; soft mallet for non-marring persuasion and aluminium/bodywork shaping. Gmail order #TM25493 confirms this line item as part of the PKR 94510 Toolsmart order. | User confirmed on 2026-05-08 that ToolsMart order TM25493 has arrived; mark this line received. Still do item-specific receipt checks before use.
tool_ingco_dead_blow_mallet_2lb_hdbm08028,00_site_setup,site_setup,Ingco Dead blow mallet 2lb HDBM08028,2050,PKR,received,received,Toolsmart.pk,TM25493,,user_update,user_update_2026-05-01_toolsmart_chassis_lift_clean_suspension_order|gmail_msg_19de060f62c307f7|gmail_order_TM25493|user_update_2026-05-08_toolsmart_tm25493_arrived,paid,received,Paid Toolsmart order dated 2026-05-01; dead blow mallet for controlled non-rebound strikes during suspension/bodywork setup. Gmail order #TM25493 confirms this line item as part of the PKR 94510 Toolsmart order. | User confirmed on 2026-05-08 that ToolsMart order TM25493 has arrived; mark this line received. Still do item-specific receipt checks before use.
tool_wadfow_body_fender_hammer_set_whz1d07,00_site_setup,site_setup,Wadfow 7 Pcs Body And Fender Hammer Set WHZ1D07,9870,PKR,received,received,Toolsmart.pk,TM25493,,user_update,user_update_2026-05-01_toolsmart_chassis_lift_clean_suspension_order|gmail_msg_19de060f62c307f7|gmail_order_TM25493|user_update_2026-05-08_toolsmart_tm25493_arrived,paid,received,Paid Toolsmart order dated 2026-05-01; hammer and dolly set for aluminium/body panel shaping. Gmail order #TM25493 confirms this line item as part of the PKR 94510 Toolsmart order. | User confirmed on 2026-05-08 that ToolsMart order TM25493 has arrived; mark this line received. Still do item-specific receipt checks before use.
tool_total_jack_stands_3ton_thjs0301_2pairs,00_site_setup,site_setup,Total Jack stand 3Ton THJS0301 - 2 pairs,19200,PKR,received,received,Toolsmart.pk,TM25493,,user_update,user_update_2026-05-01_toolsmart_chassis_lift_clean_suspension_order|gmail_msg_19de060f62c307f7|gmail_order_TM25493|user_update_2026-05-08_toolsmart_tm25493_arrived,paid,received,"Paid Toolsmart order dated 2026-05-01; quantity 2 pairs at PKR 9600 each, four stands total for chassis support. Gmail order #TM25493 confirms this line item as part of the PKR 94510 Toolsmart order. | User confirmed on 2026-05-08 that ToolsMart order TM25493 has arrived; mark this line received. Still do item-specific receipt checks before use."
tool_harden_3ton_trolley_jack_730213,00_site_setup,site_setup,Harden 3Ton Hydraulic Trolley Jack 730213,54450,PKR,received,received,Toolsmart.pk,TM25493,,user_update,user_update_2026-05-01_toolsmart_chassis_lift_clean_suspension_order|gmail_msg_19de060f62c307f7|gmail_order_TM25493|user_update_2026-05-08_toolsmart_tm25493_arrived,paid,received,Paid Toolsmart order dated 2026-05-01; primary 3T trolley jack for lifting before supporting chassis on stands. Gmail order #TM25493 confirms this line item as part of the PKR 94510 Toolsmart order. | User confirmed on 2026-05-08 that ToolsMart order TM25493 has arrived; mark this line received. Still do item-specific receipt checks before use.
tool_powerhouse_ingco_wb30501_wire_cup_brush_x3,00_site_setup,site_setup,Total TAC33021 Wire Cup Brush x3 (Powerhouse substitution for INGCO WB30501),1065,PKR,received,received,Powerhouse Express,26242,,gmail,gmail_msg_19de632df983464c|gmail_order_26242|gmail_msg_19df7037b90900e9|gmail_msg_19df70507d0e285b|gmail_msg_19e021b1cc8e488d|gmail_msg_19e02377924a0205|tracking_postex_22019070003782|tracking_leopard_KI7534590491|gmail_msg_19e0c33c40b6c4da|gmail_delivery_26242,paid,received,"Order #26242 confirmed 2026-05-02 for 3x INGCO WB30501 wire cup brushes; subtotal PKR 765 plus PKR 300 shipping. Product link: https://powerhouseexpress.com.pk/products/ingco-wb30501-wire-cup-brush | Powerhouse order 26242 was updated on 2026-05-05: INGCO WB30501 x3 removed and Total TAC33021 Wire Cup Brush x3 substituted; final total remains PKR 1065 after the seller update. Shipment emails on 2026-05-07 list PostEx 22019070003782 and later Leopard KI7534590491; track latest Leopard first and verify the actual TAC33021 brushes on receipt. | Gmail recheck on 2026-05-08 found no delivery confirmation after the 2026-05-07 shipment notices; latest carrier evidence lists Leopard KI7534590491 after PostEx 22019070003782, so track Leopard first and verify TAC33021 x3 on receipt. | Gmail recheck 2026-05-12 found Powerhouse delivery email 2026-05-09 for order #26242: Leopard KI7534590491 delivered with Total TAC33021 Wire Cup Brush x3. Receipt check remains actual TAC33021 x3 and usable brush condition before chassis cleaning."
tool_autohub_engine_detailing_brush_bundle_62191,00_site_setup,site_setup,"Engine/detailing brush bundle - tire sidewall brush, large detailing brush, 5 pc detailing brush set",2588,PKR,received,received,Autohub,62191,2026-05-06,gmail|user_update,gmail_msg_19de62cf4907c036|gmail_order_1762191|autohub_order_62191|gmail_msg_19df21e3bb334d7e|blueex_tracking_AhubRider|user_update_2026-05-08_all_remaining_autohub_orders_arrived,paid,received,"Autohub order 1762191 / order number 62191 confirmed 2026-05-02: Tire Side Wall Cleaning Brush x1, Detailing Brush Large x1, 5 Pcs Detailing Brush Set x1; subtotal PKR 2339 plus PKR 249 shipping. Links: https://autohub.pk/products/tire-side-wall-cleaning-brush ; https://autohub.pk/products/detailing-brush-large-16-no ; https://autohub.pk/products/5-pcs-detailing-brush-set | Autohub shipment email on 2026-05-04 says order 1762191 shipped via Blue-ex/AhubRider with tire sidewall brush x1, detailing brush large x1, and 5 pc detailing brush set x1; no delivery email found as of 2026-05-08. | Gmail recheck on 2026-05-08 found no newer delivery email after the 2026-05-04 Blue-ex/AhubRider shipment notice; later user confirmation on 2026-05-08 closes delivery. | User confirmed on 2026-05-08 that all remaining Autohub orders have arrived; mark the brush bundle received. Receipt check: confirm tire sidewall brush x1, large detailing brush x1, and 5 pc detailing brush set x1."
tool_daraz_75mm_knotted_cup_wire_brush_x2,00_site_setup,site_setup,75mm 3 inch steel knotted cup rotary wire brush for angle grinder x2,3896,PKR,ordered,ordered_pending_delivery,Daraz / Al Rehman Mart (Lahore),242365766280938,2026-05-07,gmail,gmail_msg_19de62bcd3dd7207|gmail_order_242365766280938,paid,pending_delivery,Daraz order confirmed 2026-05-02; delivery window 2026-05-05 to 2026-05-07. Quantity 2 at PKR 1878 each; subtotal PKR 3756 plus PKR 140 shipping. Product link: https://www.daraz.pk/products/i2171955-s1269424717.html?urlFlag=true&mp=1 | Gmail recheck on 2026-05-08 found only the Daraz confirmation for order 242365766280938 and no delivery email; keep pending and overdue against the 2026-05-07 delivery window until the two knotted cup brushes are physically received. | Gmail recheck 2026-05-12 found only Daraz order 242365766280938 confirmation and no delivery email; keep pending and overdue against the 2026-05-07 delivery window until the two knotted cup brushes are physically received.
tool_daraz_mini_wire_brush_set_x2,00_site_setup,site_setup,"3 pc mini wire brush set - brass, nylon, stainless steel bristles x2",561,PKR,received,received,Daraz / Bunyad Collection (Karachi),242365766980938,2026-05-07,gmail,gmail_msg_19de62bcd140fa41|gmail_order_242365766980938|gmail_msg_19df29a687866969|gmail_delivery_242365766980938,paid,received,Daraz order confirmed 2026-05-02; delivery window 2026-05-05 to 2026-05-07. Two 3 pc mini wire brush sets at PKR 198 each; subtotal PKR 396 plus PKR 165 shipping. Product link: https://www.daraz.pk/products/i192752152-s1385484991.html?urlFlag=true&mp=1 | Gmail Daraz delivery email confirms order 242365766980938 delivered on 2026-05-04: two 3 pc mini wire brush sets.
tool_daraz_safety_goggles_cleanup,00_site_setup,site_setup,Safety goggles / protective glasses for grinding and cleaning,764,PKR,received,received,Daraz / Reliable_Shop,242365766080938,2026-05-07,gmail,gmail_msg_19de62bcddc3ff3a|gmail_order_242365766080938|gmail_msg_19df29a6c4e6d2b8|gmail_delivery_242365766080938,paid,received,Daraz order confirmed 2026-05-02; delivery window 2026-05-05 to 2026-05-07. Safety protective glasses x1; subtotal PKR 599 plus PKR 165 shipping. Product link: https://www.daraz.pk/products/i649346371-s3029400460.html?urlFlag=true&mp=1 | Gmail Daraz delivery email confirms order 242365766080938 delivered on 2026-05-04: safety goggles/protective glasses x1.
part_daraz_jubilee_hose_clip_assortment_30pc,05_mechanical_baseline,mechanical_baseline,Jubilee hose clip assortment - 10 pc fuel line/diesel/petrol/coolant clamp packs x3,2390,PKR,received,received,Daraz / Gravax corporation,242365766580938,2026-05-08,gmail,gmail_msg_19de62bcdb1080ff|gmail_order_242365766580938|gmail_msg_19e021d07abdead1|gmail_delivery_242365766580938,paid,received,"Daraz order confirmed 2026-05-02; delivery window 2026-05-06 to 2026-05-08. Three 10 pc clamp packs at PKR 750 each; subtotal PKR 2250 plus PKR 140 shipping. Supplemental clamp stock only; does not close fuel-rated hose/clamp kit until sizes and clamp type are validated. Product links: https://www.daraz.pk/products/i645582306-s3011629985.html?urlFlag=true&mp=1 ; https://www.daraz.pk/products/i645582306-s3011629988.html?urlFlag=true&mp=1 ; https://www.daraz.pk/products/i645582306-s3011629989.html?urlFlag=true&mp=1 | Gmail Daraz delivery email confirms order 242365766580938 delivered on 2026-05-07; keep as supplemental clamp stock until sizes, rolled edges, and fuel/coolant suitability are checked."
part_cavity_wax,03_body_chassis,body_chassis,HB Body U900 cavity wax spray 400ml x2,4998,PKR,received,received,Autohub,62192,2026-05-06,user_update|gmail,user_update_2026-05-02_autohub_prep_solvent_cavity_wax_order|gmail_msg_19de69d1f1e3d70a|gmail_order_1762192|autohub_order_62192|user_update_2026-05-08_all_remaining_autohub_orders_arrived|user_update_2026-05-11_2x_u9000_cavity_wax_received|gmail_msg_19e0c5bc0f1cf25e|blueex_tracking_AhubRider,paid,received,"Autohub order 1762192 / order number 62192 confirmed 2026-05-02: HB BODY - U900 CAVITY WAX SPRAY U900 - 400ML x2 at PKR 2499 each, line subtotal PKR 4998. Shared order also includes 3M Prep Solvent; order subtotal PKR 23997 plus PKR 249 shipping, total PKR 24246. Product link: https://autohub.pk/products/hb-body-u900-cavity-wax-spray-u900-400ml ; image: https://cdn.shopify.com/s/files/1/0424/5433/files/WEB-900SPRi-Photoroom_1_medium.png?v=1731328302 | Gmail recheck on 2026-05-08 found the shared Autohub 1762192 / 62192 confirmation only; later user confirmation on 2026-05-08 closes delivery. | User confirmed on 2026-05-08 that the cavity wax / remaining Autohub orders have arrived; user reconfirmed receipt of 2x U9000/U900 cavity wax on 2026-05-11. Receipt check: confirm two HB Body U900/U9000 400ml cans, usable nozzles/wands, intact labels, and no leakage. | Gmail recheck 2026-05-12 found Autohub shipment email sent 2026-05-09 for order 1762192 listing 3M Prep Solvent-70 x1 and HB Body U900 cavity wax x2 via Blue-ex AhubRider; user receipt confirmations from 2026-05-08 and 2026-05-11 keep the row received."
part_cabin_compact_fuse_boxes,04_electrical_reset,electrical_reset,Compact cabin fuse protection - reuse 12-way plus buy one compact OEM add-on,,PKR,planned,purchase_ready,Bilal Ganj / Montgomery Road compact OEM fuse donor supplier / OLX Mehran-Alto donor lead,,,user_update|workbook_correction|docs_cabin_fuse_box_acquisition,user_update_2026-05-03_cabin_fuse_boxes_not_ordered|workbook_parts_row_55_relay_block_received|workbook_parts_row_57_wrong_item_not_bought|user_reference_image_2026-05-03_compact_internal_fuse_box|user_front_rear_fuse_block_images_2026-05-04|docs/cabin-fuse-box-acquisition-20260503.md,not_paid,not_ordered,"User correction 2026-05-04: under-dash cabin fuse requirement remains three separate input groups, not physical-location boxes and not the MIDI/high-current side. Need 6 constant-battery fuses, 6 ignition-on/RUN fuses, and 6 ignition part-way/ACC fuses minimum. Current preferred plan is to reuse the existing compact 12-way donor block for two 6-fuse groups if rear-terminal continuity and condition checks pass, then buy one matching compact old-OEM fuse carrier for the third group. Add-on can be 6/8/10/12-way if six positions are usable; reject bulky marine/RV/universal covered blocks. Treat branch outputs as <=30A unless manufacturer marks higher. Candidate source/order text is logged in docs/cabin-fuse-box-acquisition-20260503.md."
service_local_3d_printing_fabrication_prototypes,04b_fabrication_handoff,fabrication_handoff,MIDI holder plastic underlay / subplate quote,,PKR,planned,quote_needed,local plastic CNC/router or 3D printing service,,,user_update,user_update_2026-05-04_scouting_3d_print_fabricated_items|docs/fabrication-handoff-index.md|data/manual/fabrication_handoff_requirements.csv,not_paid,not_ordered,Scout only the MIDI holder non-conductive underlay/subplate: 140 x 85 x 5 mm from midi5_holder_subplate_rev_d DXF/PDF. Metal plate/bracket fabrication remains owner-managed and is intentionally excluded from this scout row.
tool_daraz_pipe_bender_180_tube_bender_20260504,06c_brake_system,brake_system,"Pipe Bender 180 tube bender - 3/8 in, 1/4 in, 5/16 in",4499,PKR,received,received,Daraz / Megatronics pk (Peshawar),242508744880938,2026-05-07,user_update|gmail,user_update_2026-05-04_daraz_pipe_bender_order|gmail_msg_19df408ef23d48b1|gmail_msg_19e021d0af9de008|gmail_order_242508744880938|gmail_delivery_242508744880938,paid,received,"User reported paid Daraz order 2026-05-04: Pipe Bender 180 tube bender, ratchet tubing bender for 3/8 in, 1/4 in, and 5/16 in copper, brass, aluminum, and thin steel pipes; qty 1; PKR 4499; seller Megatronics pk (Peshawar); seller to pack. This covers bending only; cutter, deburrer/reamer, and brake-line flaring tool/dies remain unconfirmed for in-house hard-line fabrication. | Gmail Daraz order 242508744880938 confirmed on 2026-05-05 and delivery email confirms delivered on 2026-05-07; receipt check still needs smooth ratchet action and correct fit for 1/4, 5/16, and 3/8 in tube."
part_daraz_clear_pvc_bleed_hose_2m_20260504,06c_brake_system,brake_system,2meter Clear PVC Hose Tube pipe ID7mm OD10mm transparent vinyl tubing,227,PKR,received,received,Daraz / GoBazaar.pk,242508745080938,2026-05-07,user_update|gmail,user_update_2026-05-04_clear_bleed_hose_order|gmail_msg_19df408f0591f0c1|gmail_msg_19e021d05ca94bc4|gmail_order_242508745080938|gmail_delivery_242508745080938,paid,received,"User reported paid Daraz order 2026-05-04: 2meter Clear PVC Hose Tube pipe ID7mm OD10mm clear transparent vinyl tubing water pipe; color family Multicolor; qty 1; PKR 227; seller GoBazaar.pk; seller to pack. Temporary brake bleeding hose only; not for permanent fuel, coolant, vacuum, or hydraulic pressure service. | Gmail Daraz order 242508745080938 confirmed on 2026-05-05 and delivery email confirms delivered on 2026-05-07; use only as temporary clear brake bleed hose, not as permanent fuel, coolant, vacuum, or pressure line."
part_daraz_nitrile_gloves_black_l_100pc_20260504,06c_brake_system,brake_system,Safety Black Disposable Nitrile gloves 100 PCs Box - black large,2333,PKR,received,received,Daraz,242508745280938,2026-05-14,user_update|gmail,user_update_2026-05-04_nitrile_gloves_order|gmail_msg_19df408f2cc8e480|gmail_order_242508745280938|user_update_2026-05-14_nitrile_gloves_received,paid,received,"User reported paid order 2026-05-04: Safety Black Disposable Nitrile gloves 100 PCs Box; color family Black; size L; qty 1; PKR 2333. Brake/cleaning PPE for hydraulic opening prep. Gmail Daraz order 242508745280938 confirmed on 2026-05-05 for Safety Black Disposable Nitrile gloves 100 PCs Box x1. Earlier Gmail checks found the order confirmation but no separate delivery email; user physical receipt on 2026-05-14 supersedes the delivery-email gap. Close delivery as received; receipt check remains: confirm box count, size L, nitrile/powder-free marking if present, and no torn packaging before brake-fluid work."
tool_toolsmart_harden_mini_tube_cutter_3_22mm_20260504,06c_brake_system,brake_system,Harden Mini Tube Cutter 3-22mm,1380,PKR,ordered,ordered_pending_delivery,ToolsMart.pk,TM25550,,gmail,gmail_msg_19df40dbc5116bb3|gmail_order_TM25550,unknown,pending_delivery,"ToolsMart order TM25550 confirmed on 2026-05-04: Harden Mini Tube Cutter 3-22mm x1 at PKR 1380. Receipt check must confirm smooth cutting wheel action and fit on 4.75 mm, 6 mm, and 8 mm tube stock. | Gmail recheck on 2026-05-08 found only the ToolsMart TM25550 confirmation and no shipment or delivery email; keep pending. Payment is still not proven by Gmail alone. | Gmail recheck 2026-05-12 found only ToolsMart order TM25550 confirmation and no shipment or delivery email; keep pending delivery."
tool_toolsmart_pard_double_flaring_cutting_tool_set_4_16mm_20260504,06c_brake_system,brake_system,PARD Double Flaring and Cutting Tool Set - 4-16mm,18210,PKR,ordered,ordered_pending_delivery,ToolsMart.pk,TM25550,,gmail,gmail_msg_19df40dbc5116bb3|gmail_order_TM25550,unknown,pending_delivery,ToolsMart order TM25550 confirmed on 2026-05-04: PARD Double Flaring and Cutting Tool Set - 4-16mm x1 at PKR 18210. Receipt check must verify die sizes cover 4.75 mm / 3/16 in brake line and the required flare type before use. | Gmail recheck on 2026-05-08 found only the ToolsMart TM25550 confirmation and no shipment or delivery email; keep pending. Payment is still not proven by Gmail alone. | Gmail recheck 2026-05-12 found only ToolsMart order TM25550 confirmation and no shipment or delivery email; keep pending delivery.
tool_pakoxygen_ar_co2_canister,03_body_chassis,body_chassis,Ar-CO2 Canister,42362,PKR,received,received,pakoxygen,,,workbook_reconciliation|user_update,workbook_tools#row_41|user_update_2026-05-08_ar_co2_canister_arrived,paid,received,"Imported from J40_Costs.xlsx Tools row 41: Ar-CO2 Canister from pakoxygen, PKR 42362, previously paid in the workbook. User confirmed on 2026-05-08 that the Ar-CO2 canister has arrived. Receipt/use check: confirm gas mix, cylinder test date, ownership/deposit paperwork, valve/regulator compatibility, and leak check before MIG welding."
part_chassis_masking_plugs_tape_solvent_wipes,03b_chassis_fixing,chassis_fixing,Chassis coating masking pack - Ultra-cloth solvent-safe wipes and masking tape,7099,PKR,received,received,Autohub + Autostore.pk,1762336|80788,,user_update|gmail,user_update_2026-05-08_chassis_raptor_masking_consumables_needed|user_update_2026-05-08_chassis_masking_tape_wipes_purchased|user_update_2026-05-11_ultra_cloth_masking_tape_received|gmail_msg_19e07889134f5cb5|gmail_order_1762336|gmail_msg_19e0c5bf0525eaf0|blueex_tracking_AhubRider|bank_alert_19e0788ae42cca42|gmail_msg_19e078ab2e5df2f2|autostore_order_80788,paid,received,"User update 2026-05-08: Raptor selected as the chassis exposed finish after primer/sealer; extra brushes are on hand and strip/flap discs are angle-grinder consumables with existing recorded stock to count before rebuying. Order before solvent wipe/primer/Raptor: solvent-safe lint-free wipes and automotive masking tape; avoid shedding cloth, newspaper where solvent/wet coating can bleed, and plugs/tape that leave residue. User update 2026-05-11 confirms Ultra-cloth and masking tape received. Masking plugs were not separately ordered: on-hand received rubber grommet assortment may be used as temporary masking for open unthreaded holes only after fit and solvent/residue check. Use sacrificial bolts for threaded holes; do not use grommets for brake/fuel line ends, threaded holes, ground pads, or body-mount bearing faces. Buy separate tapered plugs only if grommet fit/check fails. | Gmail recheck 2026-05-12 ties the received masking pack to Autohub order 1762336 / order no. 62336 for 3M Blue High Performance Ultra Soft Cloth x4 at PKR 4600 plus PKR 249 shipping, total PKR 4849, and Autostore order #80788 for green masking tape 24 mm x2 and 48 mm x1 at PKR 2000 plus PKR 250 shipping, COD total PKR 2250. User already confirmed Ultra-cloth and masking tape received on 2026-05-11."
part_aliexpress_waterproof_relay_5pin_40a_6pc_20260511,04_electrical_reset,electrical_reset,Waterproof 5-pin 40A automotive relay pack - 5PIN 40A DC12V x6,8196,PKR,received,received,AliExpress,3070231697837489,,gmail|user_update,gmail_msg_19e10f7bc91fba44|gmail_msg_19e161ddf7117e32|gmail_order_3070231697837489|user_update_2026-05-13_relay_pack_arrived,paid,received,"Gmail AliExpress emails show order 3070231697837489 for 4/5 Pin 4P/5P 40A waterproof car relay, selected 5PIN 40A DC12V x6, order total PKR 8196. May 10 awaiting-confirmation and May 11 review emails indicate the order was marked complete, but physical receipt is not yet user-confirmed; check x6 relay count, 12V coil marking, 5-pin layout, terminal quality, seals, and whether these belong in electrical relay stock before closing as received. | User confirmed on 2026-05-13 that the waterproof 5-pin 40A DC12V relay pack x6 has physically arrived. Close delivery as received; bench/fit check remains: confirm all 6 relays, 12V coil marking, 5-pin changeover layout, terminal retention, socket seals, and allocation into electrical relay stock."
part_fabrication_raw_mild_steel_plate_3mm_20260513,04b_fabrication_handoff,fabrication_handoff,3.0 mm mild-steel sheet plus 90-degree angle/L-section stock for compact battery tray/access ladder,,PKR,planned,purchase_ready_estimate,local steel stockholder / sheet-metal shop,,,fabrication_estimate,data/manual/fabrication_raw_material_estimates.csv|data/manual/fabrication_metal_stock_requirements.csv|docs/fabrication-raw-materials-procurement-estimate-20260513.md|docs/fabrication-metal-stock-list-20260514.md|data/manual/fabrication/battery_power_carrier_mount_rev_a/fabricator_cut_list.csv,not_paid,not_ordered,"Buy one 3.0 mm mild-steel sheet/plate at least 600 x 600 mm, or 1000 x 500 if cheaper/similarly priced. Also buy 3.0 mm 90-degree mild-steel angle/L-section, 25 x 25 x 3 mm or 30 x 30 x 3 mm, 3 m total, for tray perimeter/upstands, widened access-ladder frame, shallow shelf rails, and cable/P-clip tabs. Keep sheet stock for the battery deck, widened access-ladder flat face, hold-down crossbar, and flat component tabs. Do not spend this stock on tub repairs; keep tub plate stock separate."
part_fabrication_raw_mild_steel_plate_4mm_20260513,04b_fabrication_handoff,fabrication_handoff,4.0 mm mild-steel plate plus structural 90-degree angle/L-section stock for compact battery saddle/upright/offset bars and radiator post,,PKR,planned,purchase_ready_estimate,local steel stockholder / sheet-metal shop,,,fabrication_estimate,data/manual/fabrication_raw_material_estimates.csv|data/manual/fabrication_metal_stock_requirements.csv|docs/fabrication-raw-materials-procurement-estimate-20260513.md|docs/fabrication-metal-stock-list-20260514.md|data/manual/fabrication/battery_power_carrier_mount_rev_a/fabricator_cut_list.csv|data/manual/fabrication/front_radiator_two_side_retention_rev_a/fabricator_cut_list.csv,not_paid,not_ordered,"Buy one 4.0 mm mild-steel plate at least 700 x 450 mm, or nearest sheet size such as 1000 x 500. Also ask for 50 x 50 x 4 mm 90-degree mild-steel angle, 1 m, for the radiator post; 40 x 40 x 4 mm 90-degree mild-steel angle, 2 m, for battery stand/upright bridge trials; and short mild-steel tube/sleeve stock only after final M8/M10 through-bolt size is chosen. Keep plate stock for the formed chassis saddle, adjustable offset bars, flat bolt tabs, and any upright/gusset plates that angle stock cannot replace. Deburr and prime after cutting."
part_fabrication_raw_aluminium_plate_3mm_20260513,04b_fabrication_handoff,fabrication_handoff,"3.0 mm 5052-H32 aluminium sheet for MIDI enclosure, Relay Rev D base, and cutoff electrical plates",,PKR,planned,purchase_ready_estimate,local aluminium stockholder / sheet-metal shop,,,fabrication_estimate,data/manual/fabrication_raw_material_estimates.csv|docs/fabrication-raw-materials-procurement-estimate-20260513.md|data/manual/fabrication/midi5_enclosure_rev_d/README.md|data/manual/fabrication/battery_power_carrier_mount_rev_a/README.md|data/manual/fabrication/relay_mount_rev_d/README.md,not_paid,not_ordered,"Buy 3.0 mm 5052-H32 aluminium sheet: minimum 600 x 600 mm, or 1000 x 500 if cheaper/similarly priced, for the current MIDI Rev D enclosure body/lid, Relay Rev D 360 x 245 flat base, and folded cutoff base/guard with 20 mm upward lips. Current battery stand route remains steel; this aluminium is for electrical component carriers/guards, not the main carrier."
part_fabrication_raw_electrical_plastic_sheet_20260513,04b_fabrication_handoff,fabrication_handoff,Electrical insulating plastic/G10 sheet - MIDI 5.0 mm board and relay 3.0 mm sheet,,PKR,planned,purchase_ready_estimate,local plastic CNC/router or sheet supplier,,,fabrication_estimate,data/manual/fabrication_raw_material_estimates.csv|docs/fabrication-raw-materials-procurement-estimate-20260513.md|data/manual/fabrication/midi5_enclosure_rev_d/README.md|data/manual/fabrication/relay_mount_rev_d/README.md,not_paid,not_ordered,"Buy/quote 5.0 mm HDPE/ABS/G10/phenolic board at least 200 x 150 mm for the MIDI subplate, plus 3.0 mm ABS/HDPE/polypropylene/G10/phenolic sheet at least 350 x 250 mm for the Relay Rev D exact 300 x 197 insulating sheet."
part_fabrication_raw_epdm_sheet_small_isolators_20260513,04b_fabrication_handoff,fabrication_handoff,3-5 mm EPDM/SBR sheet for radiator isolator and small anti-chafe pads,,PKR,planned,purchase_ready_estimate,local rubber sheet supplier / Longman fallback,,,fabrication_estimate,data/manual/fabrication_raw_material_estimates.csv|docs/fabrication-raw-materials-procurement-estimate-20260513.md|data/manual/fabrication/front_radiator_two_side_retention_rev_a/fabricator_cut_list.csv,not_paid,not_ordered,"Buy a small 3-5 mm EPDM/SBR sheet at least 300 x 300 mm for the radiator isolator pad, battery carrier anti-chafe pads, and first-article trimming. This is small sheet stock only and does not replace the chassis-rubber Longman/body-mount order route."
part_tub_repair_steel_sheet_1_2mm_20260513,03_body_chassis,body_chassis,1.2 mm cold-rolled mild-steel sheet for tub skin/floor patch plates,,PKR,planned,purchase_ready_measurement_hold,local steel stockholder / body-panel sheet supplier,,,fabrication_estimate,data/manual/fabrication_raw_material_estimates.csv|docs/fabrication-raw-materials-procurement-estimate-20260513.md|docs/tub-off-refit-execution-plan.md|docs/j40_welding_execution_plan_20260419.md,not_paid,not_ordered,"Buy one 1.2 mm cold-rolled mild-steel sheet about 1000 x 1000 mm, or nearest manageable sheet. Intended for non-structural tub skin, floor-pan, firewall lip, and small closure patches after the rust map is exposed. Final patch shapes remain measurement controlled; do not use where body mounts or seat belt/seat loads need thicker reinforcement."
part_tub_repair_steel_sheet_1_6mm_20260513,03_body_chassis,body_chassis,1.6 mm cold-rolled mild-steel sheet for heavier tub patch plates,,PKR,planned,purchase_ready_measurement_hold,local steel stockholder / body-panel sheet supplier,,,fabrication_estimate,data/manual/fabrication_raw_material_estimates.csv|docs/fabrication-raw-materials-procurement-estimate-20260513.md|docs/tub-off-refit-execution-plan.md|docs/j40_welding_execution_plan_20260419.md,not_paid,not_ordered,"Buy one 1.6 mm cold-rolled mild-steel sheet about 1000 x 500 mm, or nearest manageable sheet. Use for heavier tub floor sections, flange returns, seat-box edges, local patch plates, and spots where the exposed original sheet is heavier than skin panels. Final size remains controlled by cleaned metal and rust-map photos."
part_tub_mount_reinforcement_plate_3mm_20260513,03_body_chassis,body_chassis,3.0 mm mild-steel plate for tub body-mount backing and captive-nut repairs,,PKR,planned,purchase_ready_measurement_hold,local steel stockholder / sheet-metal shop,,,fabrication_estimate,data/manual/fabrication_raw_material_estimates.csv|docs/fabrication-raw-materials-procurement-estimate-20260513.md|docs/tub-off-refit-execution-plan.md|data/manual/body_mount_order_release_specs.csv,not_paid,not_ordered,"Buy one 3.0 mm mild-steel plate about 500 x 500 mm or 300 x 600 mm for tub body-mount backing plates, captive-nut/weld-nut repair plates, local reinforcement coupons, and test pieces. Keep separate from chassis/battery stand fabrication steel; release final shapes only after each mount station is cleaned and measured."
